INSERT INTO frecuencia_uso (id_frecuencia_uso,redes_sociales,compras_online,streaming) VALUES
	 (1,'Muy frecuente','Muy frecuente','Ni mucho ni poco frecuente'),
	 (2,'Poco frecuente','Poco frecuente','Poco frecuente'),
	 (3,'Muy frecuente','Ni mucho ni poco frecuente','Muy frecuente'),
	 (4,'Muy frecuente','Muy frecuente','Muy frecuente'),
	 (5,'Ni mucho ni poco frecuente','Poco frecuente','Ni mucho ni poco frecuente'),
	 (6,'Muy frecuente','Ni mucho ni poco frecuente','Muy frecuente'),
	 (7,'Muy frecuente','Muy frecuente','Muy frecuente'),
	 (8,'Muy frecuente','Muy frecuente','Ni mucho ni poco frecuente'),
	 (9,'Muy frecuente','Muy frecuente','Muy frecuente'),
	 (10,'Muy frecuente','Ni mucho ni poco frecuente','Ni mucho ni poco frecuente');
INSERT INTO frecuencia_uso (id_frecuencia_uso,redes_sociales,compras_online,streaming) VALUES
	 (11,'Muy frecuente','Ni mucho ni poco frecuente','Muy frecuente'),
	 (12,'Muy frecuente','Ni mucho ni poco frecuente','Muy frecuente'),
	 (13,'Muy frecuente','Poco frecuente','Ni mucho ni poco frecuente'),
	 (14,'Muy frecuente','Ni mucho ni poco frecuente','Muy frecuente'),
	 (15,'Muy frecuente','Ni mucho ni poco frecuente','Muy frecuente'),
	 (16,'Muy frecuente','Ni mucho ni poco frecuente','Muy frecuente'),
	 (17,'Muy frecuente','Muy frecuente','Muy frecuente'),
	 (18,'Muy frecuente','Ni mucho ni poco frecuente','Poco frecuente'),
	 (19,'Muy frecuente','Poco frecuente','Muy frecuente'),
	 (20,'Muy frecuente','Muy frecuente','Muy frecuente');
INSERT INTO frecuencia_uso (id_frecuencia_uso,redes_sociales,compras_online,streaming) VALUES
	 (21,'Muy frecuente','Poco frecuente','Muy frecuente'),
	 (22,'Muy frecuente','Muy frecuente','Muy frecuente'),
	 (23,'Muy frecuente','Ni mucho ni poco frecuente','Muy frecuente'),
	 (24,'Muy frecuente','Poco frecuente','Muy frecuente'),
	 (25,'Muy frecuente','Ni mucho ni poco frecuente','Muy frecuente'),
	 (26,'Ni mucho ni poco frecuente','Muy frecuente','Ni mucho ni poco frecuente'),
	 (27,'Muy frecuente','Muy frecuente','Ni mucho ni poco frecuente'),
	 (28,'Muy frecuente','Ni mucho ni poco frecuente','Ni mucho ni poco frecuente'),
	 (29,'Muy frecuente','Poco frecuente','Muy frecuente'),
	 (30,'Muy frecuente','Ni mucho ni poco frecuente','Ni mucho ni poco frecuente');
INSERT INTO frecuencia_uso (id_frecuencia_uso,redes_sociales,compras_online,streaming) VALUES
	 (31,'Ni mucho ni poco frecuente','Ni mucho ni poco frecuente','Ni mucho ni poco frecuente'),
	 (32,'Muy frecuente','Poco frecuente','Ni mucho ni poco frecuente'),
	 (33,'Muy frecuente','Poco frecuente','Ni mucho ni poco frecuente'),
	 (34,'Muy frecuente','Poco frecuente','Ni mucho ni poco frecuente'),
	 (35,'Muy frecuente','Muy frecuente','Muy frecuente'),
	 (36,'Muy frecuente','Ni mucho ni poco frecuente','Muy frecuente'),
	 (37,'Muy frecuente','Poco frecuente','Ni mucho ni poco frecuente'),
	 (38,'Muy frecuente','Poco frecuente','Poco frecuente'),
	 (39,'Muy frecuente','Ni mucho ni poco frecuente','Muy frecuente'),
	 (40,'Poco frecuente','Ni mucho ni poco frecuente','Muy frecuente');
INSERT INTO frecuencia_uso (id_frecuencia_uso,redes_sociales,compras_online,streaming) VALUES
	 (41,'Muy frecuente','Ni mucho ni poco frecuente','Muy frecuente'),
	 (42,'Muy frecuente','Poco frecuente','Ni mucho ni poco frecuente'),
	 (43,'Muy frecuente','Ni mucho ni poco frecuente','Muy frecuente'),
	 (44,'Poco frecuente','Poco frecuente','Muy frecuente'),
	 (45,'Muy frecuente','Poco frecuente','Ni mucho ni poco frecuente'),
	 (46,'Ni mucho ni poco frecuente','Poco frecuente','Muy frecuente'),
	 (47,'Muy frecuente','Muy frecuente','Muy frecuente'),
	 (48,'Muy frecuente','Ni mucho ni poco frecuente','Ni mucho ni poco frecuente'),
	 (49,'Muy frecuente','Ni mucho ni poco frecuente','Muy frecuente'),
	 (50,'Muy frecuente','Poco frecuente','Muy frecuente');
INSERT INTO frecuencia_uso (id_frecuencia_uso,redes_sociales,compras_online,streaming) VALUES
	 (51,'Muy frecuente','Ni mucho ni poco frecuente','Muy frecuente'),
	 (52,'Muy frecuente','Muy frecuente','Muy frecuente'),
	 (53,'Muy frecuente','Muy frecuente','Muy frecuente'),
	 (54,'Muy frecuente','Poco frecuente','Poco frecuente'),
	 (55,'Muy frecuente','Ni mucho ni poco frecuente','Ni mucho ni poco frecuente'),
	 (56,'Muy frecuente','Ni mucho ni poco frecuente','Muy frecuente'),
	 (57,'Muy frecuente','Ni mucho ni poco frecuente','Muy frecuente'),
	 (58,'Ni mucho ni poco frecuente','Poco frecuente','Muy frecuente'),
	 (59,'Muy frecuente','Poco frecuente','Ni mucho ni poco frecuente'),
	 (60,'Muy frecuente','Ni mucho ni poco frecuente','Ni mucho ni poco frecuente');
INSERT INTO frecuencia_uso (id_frecuencia_uso,redes_sociales,compras_online,streaming) VALUES
	 (61,'Muy frecuente','Poco frecuente','Muy frecuente'),
	 (62,'Muy frecuente','Muy frecuente','Muy frecuente'),
	 (63,'Muy frecuente','Ni mucho ni poco frecuente','Muy frecuente'),
	 (64,'Muy frecuente','Poco frecuente','Ni mucho ni poco frecuente'),
	 (65,'Muy frecuente','Ni mucho ni poco frecuente','Muy frecuente'),
	 (66,'Muy frecuente','Ni mucho ni poco frecuente','Muy frecuente'),
	 (67,'Muy frecuente','Poco frecuente','Muy frecuente'),
	 (68,'Muy frecuente','Poco frecuente','Muy frecuente'),
	 (69,'Muy frecuente','Muy frecuente','Muy frecuente'),
	 (70,'Muy frecuente','Ni mucho ni poco frecuente','Muy frecuente');
INSERT INTO frecuencia_uso (id_frecuencia_uso,redes_sociales,compras_online,streaming) VALUES
	 (71,'Muy frecuente','Ni mucho ni poco frecuente','Muy frecuente'),
	 (72,'Muy frecuente','Ni mucho ni poco frecuente','Muy frecuente'),
	 (73,'Muy frecuente','Poco frecuente','Ni mucho ni poco frecuente'),
	 (74,'Muy frecuente','Poco frecuente','Ni mucho ni poco frecuente'),
	 (75,'Muy frecuente','Ni mucho ni poco frecuente','Muy frecuente'),
	 (76,'Muy frecuente','Muy frecuente','Muy frecuente'),
	 (77,'Muy frecuente','Poco frecuente','Muy frecuente'),
	 (78,'Muy frecuente','Ni mucho ni poco frecuente','Muy frecuente'),
	 (79,'Muy frecuente','Muy frecuente','Muy frecuente'),
	 (80,'Ni mucho ni poco frecuente','Ni mucho ni poco frecuente','Muy frecuente');
INSERT INTO frecuencia_uso (id_frecuencia_uso,redes_sociales,compras_online,streaming) VALUES
	 (81,'Ni mucho ni poco frecuente','Ni mucho ni poco frecuente','Ni mucho ni poco frecuente'),
	 (82,'Muy frecuente','Poco frecuente','Muy frecuente'),
	 (83,'Muy frecuente','Poco frecuente','Poco frecuente'),
	 (84,'Ni mucho ni poco frecuente','Ni mucho ni poco frecuente','Muy frecuente'),
	 (85,'Muy frecuente','Poco frecuente','Ni mucho ni poco frecuente'),
	 (86,'Muy frecuente','Muy frecuente','Muy frecuente'),
	 (87,'Muy frecuente','Ni mucho ni poco frecuente','Muy frecuente'),
	 (88,'Muy frecuente','Ni mucho ni poco frecuente','Muy frecuente'),
	 (89,'Poco frecuente','Poco frecuente','Ni mucho ni poco frecuente'),
	 (90,'Poco frecuente','Ni mucho ni poco frecuente','Poco frecuente');
INSERT INTO frecuencia_uso (id_frecuencia_uso,redes_sociales,compras_online,streaming) VALUES
	 (91,'Muy frecuente','Poco frecuente','Muy frecuente'),
	 (92,'Muy frecuente','Ni mucho ni poco frecuente','Muy frecuente'),
	 (93,'Ni mucho ni poco frecuente','Ni mucho ni poco frecuente','Muy frecuente'),
	 (94,'Poco frecuente','Poco frecuente','Muy frecuente'),
	 (95,'Muy frecuente','Muy frecuente','Muy frecuente'),
	 (96,'Muy frecuente','Ni mucho ni poco frecuente','Muy frecuente'),
	 (97,'Muy frecuente','Muy frecuente','Poco frecuente'),
	 (98,'Ni mucho ni poco frecuente','Ni mucho ni poco frecuente','Ni mucho ni poco frecuente');
INSERT INTO informacion_sensible (id_informacion_sensible,nombre,direccion,telefono,email,redes_sociales,info_bancaria,info_preferencias) VALUES
	 (1,true,true,false,false,false,true,false),
	 (2,true,false,false,true,true,true,false),
	 (3,false,true,true,false,false,true,false),
	 (4,true,true,true,false,false,true,false),
	 (5,false,true,false,false,true,true,true),
	 (6,false,true,false,false,false,true,false),
	 (7,false,true,true,false,true,true,false),
	 (8,true,true,false,true,false,true,true),
	 (9,true,true,true,false,false,true,true),
	 (10,true,true,true,false,false,true,false);
INSERT INTO informacion_sensible (id_informacion_sensible,nombre,direccion,telefono,email,redes_sociales,info_bancaria,info_preferencias) VALUES
	 (11,false,true,true,true,false,true,false),
	 (12,false,true,true,true,false,true,true),
	 (13,false,true,false,false,false,true,false),
	 (14,true,true,true,true,true,true,false),
	 (15,false,true,false,false,true,true,true),
	 (16,false,true,true,true,true,true,true),
	 (17,false,true,false,false,true,true,false),
	 (18,false,true,false,false,true,true,true),
	 (19,true,true,false,false,false,true,false),
	 (20,false,true,false,false,true,true,true);
INSERT INTO informacion_sensible (id_informacion_sensible,nombre,direccion,telefono,email,redes_sociales,info_bancaria,info_preferencias) VALUES
	 (21,true,true,true,false,false,true,true),
	 (22,false,true,true,false,false,true,true),
	 (23,true,true,true,true,true,true,true),
	 (24,true,true,true,false,true,true,false),
	 (25,false,true,true,false,false,true,false),
	 (26,false,true,true,false,false,true,true),
	 (27,false,true,true,true,false,true,true),
	 (28,true,true,true,true,true,true,true),
	 (29,false,true,false,true,false,true,true),
	 (30,true,true,true,true,true,true,true);
INSERT INTO informacion_sensible (id_informacion_sensible,nombre,direccion,telefono,email,redes_sociales,info_bancaria,info_preferencias) VALUES
	 (31,false,true,true,true,true,true,true),
	 (32,true,true,false,false,true,true,true),
	 (33,false,true,false,false,false,true,false),
	 (34,true,true,false,false,false,true,true),
	 (35,false,true,true,false,false,true,false),
	 (36,false,true,false,false,false,true,true),
	 (37,false,true,true,true,false,true,false),
	 (38,true,true,true,true,true,true,true),
	 (39,true,true,true,false,true,true,true),
	 (40,false,true,true,false,true,true,true);
INSERT INTO informacion_sensible (id_informacion_sensible,nombre,direccion,telefono,email,redes_sociales,info_bancaria,info_preferencias) VALUES
	 (41,true,true,true,true,false,true,true),
	 (42,true,true,true,true,false,true,false),
	 (43,false,true,true,false,false,true,false),
	 (44,true,true,true,true,false,true,true),
	 (45,true,true,true,false,false,true,false),
	 (46,true,true,true,true,false,true,false),
	 (47,false,true,true,false,false,true,true),
	 (48,false,true,true,false,true,true,true),
	 (49,true,true,true,false,true,true,true),
	 (50,true,true,true,true,false,true,true);
INSERT INTO informacion_sensible (id_informacion_sensible,nombre,direccion,telefono,email,redes_sociales,info_bancaria,info_preferencias) VALUES
	 (51,false,true,true,true,true,true,true),
	 (52,false,true,false,false,false,true,true),
	 (53,false,true,true,false,false,true,false),
	 (54,false,false,true,true,true,true,false),
	 (55,true,true,true,false,true,true,true),
	 (56,true,true,true,true,true,true,false),
	 (57,true,true,true,true,true,true,false),
	 (58,true,true,true,true,true,true,true),
	 (59,true,true,true,true,true,true,true),
	 (60,false,true,true,true,true,true,false);
INSERT INTO informacion_sensible (id_informacion_sensible,nombre,direccion,telefono,email,redes_sociales,info_bancaria,info_preferencias) VALUES
	 (61,false,true,false,false,false,true,true),
	 (62,true,true,true,false,false,true,false),
	 (63,false,true,true,true,false,true,false),
	 (64,true,true,true,false,false,true,false),
	 (65,true,true,true,false,false,true,true),
	 (66,false,true,false,true,false,false,true),
	 (67,false,true,true,false,false,true,false),
	 (68,true,true,false,false,true,true,false),
	 (69,false,true,true,false,false,true,false),
	 (70,true,true,true,false,false,true,false);
INSERT INTO informacion_sensible (id_informacion_sensible,nombre,direccion,telefono,email,redes_sociales,info_bancaria,info_preferencias) VALUES
	 (71,false,true,true,true,true,true,false),
	 (72,false,true,true,false,true,true,true),
	 (73,true,true,true,true,false,true,false),
	 (74,false,true,false,false,false,true,true),
	 (75,true,true,true,true,true,true,true),
	 (76,true,true,true,true,true,true,true),
	 (77,true,true,true,true,true,true,true),
	 (78,false,true,true,false,false,true,false),
	 (79,true,true,true,true,true,true,true),
	 (80,false,true,true,false,false,true,true);
INSERT INTO informacion_sensible (id_informacion_sensible,nombre,direccion,telefono,email,redes_sociales,info_bancaria,info_preferencias) VALUES
	 (81,true,true,false,false,true,true,true),
	 (82,true,true,true,false,false,true,true),
	 (83,false,true,true,false,false,true,false),
	 (84,false,true,false,false,false,true,false),
	 (85,true,true,false,false,false,true,false),
	 (86,false,true,false,false,false,true,true),
	 (87,true,true,true,true,true,true,true),
	 (88,false,true,false,false,true,true,false),
	 (89,true,true,true,true,false,true,false),
	 (90,false,true,false,false,false,true,false);
INSERT INTO informacion_sensible (id_informacion_sensible,nombre,direccion,telefono,email,redes_sociales,info_bancaria,info_preferencias) VALUES
	 (91,true,true,true,true,true,true,true),
	 (92,true,true,true,true,false,true,false),
	 (93,true,true,true,true,true,true,true),
	 (94,true,true,true,true,false,true,true),
	 (95,true,true,true,true,true,true,false),
	 (96,true,true,true,true,true,true,true),
	 (97,true,true,true,false,false,true,true),
	 (98,false,true,false,false,false,true,true);
INSERT INTO tipo_compras (id_tipo_compras,ropa,despensa,delivery,suscripciones,dispositivos_electronicos,otros) VALUES
	 (1,false,false,false,false,false,true),
	 (2,false,false,false,true,false,false),
	 (3,true,false,false,true,false,false),
	 (4,true,true,false,true,true,true),
	 (5,true,false,false,true,false,false),
	 (6,true,true,false,true,true,false),
	 (7,true,false,false,true,false,false),
	 (8,false,true,false,true,false,false),
	 (9,true,false,false,false,false,false),
	 (10,false,false,false,false,true,false);
INSERT INTO tipo_compras (id_tipo_compras,ropa,despensa,delivery,suscripciones,dispositivos_electronicos,otros) VALUES
	 (11,false,false,false,false,false,false),
	 (12,true,true,false,true,true,false),
	 (13,true,true,false,true,false,false),
	 (14,false,false,false,false,false,false),
	 (15,true,false,false,false,false,false),
	 (16,true,false,false,true,false,false),
	 (17,true,true,false,true,true,false),
	 (18,false,false,false,true,false,false),
	 (19,false,false,false,true,false,false),
	 (20,true,true,false,true,true,true);
INSERT INTO tipo_compras (id_tipo_compras,ropa,despensa,delivery,suscripciones,dispositivos_electronicos,otros) VALUES
	 (21,false,false,false,false,false,true),
	 (22,false,false,false,true,false,false),
	 (23,false,false,false,true,true,false),
	 (24,true,false,false,false,false,false),
	 (25,true,false,false,true,false,false),
	 (26,true,true,false,true,true,false),
	 (27,true,true,false,true,true,false),
	 (28,true,false,false,true,false,false),
	 (29,true,true,false,false,false,false),
	 (30,true,false,false,true,true,false);
INSERT INTO tipo_compras (id_tipo_compras,ropa,despensa,delivery,suscripciones,dispositivos_electronicos,otros) VALUES
	 (31,false,true,false,true,false,false),
	 (32,true,false,false,false,false,true),
	 (33,true,false,false,true,false,false),
	 (34,true,false,false,true,false,false),
	 (35,true,false,false,true,false,true),
	 (36,true,false,false,true,true,false),
	 (37,false,false,false,true,true,false),
	 (38,false,false,false,false,false,false),
	 (39,true,false,false,true,false,false),
	 (40,true,true,false,false,false,false);
INSERT INTO tipo_compras (id_tipo_compras,ropa,despensa,delivery,suscripciones,dispositivos_electronicos,otros) VALUES
	 (41,true,false,false,true,false,false),
	 (42,false,false,false,true,false,false),
	 (43,true,false,false,true,true,false),
	 (44,false,false,false,false,false,true),
	 (45,false,false,false,false,false,true),
	 (46,false,false,false,false,true,true),
	 (47,true,true,false,true,false,false),
	 (48,true,false,false,true,false,false),
	 (49,true,false,false,false,true,false),
	 (50,false,false,false,true,true,true);
INSERT INTO tipo_compras (id_tipo_compras,ropa,despensa,delivery,suscripciones,dispositivos_electronicos,otros) VALUES
	 (51,false,false,false,true,true,true),
	 (52,true,false,false,true,true,false),
	 (53,false,false,false,true,true,false),
	 (54,true,false,false,true,false,false),
	 (55,true,false,false,false,true,true),
	 (56,true,false,false,false,false,false),
	 (57,true,true,false,true,false,false),
	 (58,true,true,false,true,true,false),
	 (59,false,false,false,true,true,false),
	 (60,false,false,false,false,true,false);
INSERT INTO tipo_compras (id_tipo_compras,ropa,despensa,delivery,suscripciones,dispositivos_electronicos,otros) VALUES
	 (61,true,false,false,false,false,false),
	 (62,true,false,false,true,false,false),
	 (63,true,true,false,true,false,false),
	 (64,false,false,false,false,true,false),
	 (65,false,false,false,true,true,true),
	 (66,true,false,false,false,true,false),
	 (67,true,false,false,true,false,false),
	 (68,true,false,false,false,false,false),
	 (69,true,false,false,true,false,false),
	 (70,false,false,false,true,false,false);
INSERT INTO tipo_compras (id_tipo_compras,ropa,despensa,delivery,suscripciones,dispositivos_electronicos,otros) VALUES
	 (71,true,false,false,false,false,false),
	 (72,true,false,false,true,false,false),
	 (73,true,false,false,true,false,false),
	 (74,false,false,false,false,false,true),
	 (75,true,false,false,true,true,false),
	 (76,true,true,false,true,true,true),
	 (77,true,false,false,false,false,false),
	 (78,true,true,false,true,false,false),
	 (79,true,true,false,true,true,false),
	 (80,false,false,false,true,true,false);
INSERT INTO tipo_compras (id_tipo_compras,ropa,despensa,delivery,suscripciones,dispositivos_electronicos,otros) VALUES
	 (81,true,false,false,false,false,false),
	 (82,false,false,false,true,false,false),
	 (83,false,true,false,false,false,true),
	 (84,true,false,false,true,false,false),
	 (85,false,false,false,false,false,false),
	 (86,true,true,false,true,false,false),
	 (87,false,false,false,false,true,true),
	 (88,true,false,false,false,true,false),
	 (89,false,false,false,false,true,true),
	 (90,true,false,false,false,false,true);
INSERT INTO tipo_compras (id_tipo_compras,ropa,despensa,delivery,suscripciones,dispositivos_electronicos,otros) VALUES
	 (91,false,false,false,true,false,true),
	 (92,true,false,false,true,true,true),
	 (93,false,false,false,true,true,false),
	 (94,true,false,false,false,false,true),
	 (95,false,false,false,true,true,false),
	 (96,true,false,false,true,false,false),
	 (97,false,false,false,false,true,false),
	 (98,false,false,false,true,true,false);
INSERT INTO forma_pago (id_forma_pago,credito,debito,prepago,paypal) VALUES
	 (1,true,true,false,false),
	 (2,true,false,true,false),
	 (3,false,true,false,false),
	 (4,true,false,false,false),
	 (5,true,false,false,false),
	 (6,true,false,false,false),
	 (7,false,false,false,true),
	 (8,true,true,false,true),
	 (9,true,false,false,false),
	 (10,true,true,false,false);
INSERT INTO forma_pago (id_forma_pago,credito,debito,prepago,paypal) VALUES
	 (11,false,false,false,false),
	 (12,true,false,false,false),
	 (13,false,true,false,false),
	 (14,false,false,false,false),
	 (15,true,true,false,true),
	 (16,false,false,false,true),
	 (17,true,false,false,false),
	 (18,false,true,false,false),
	 (19,true,false,false,false),
	 (20,false,true,true,true);
INSERT INTO forma_pago (id_forma_pago,credito,debito,prepago,paypal) VALUES
	 (21,false,true,false,false),
	 (22,false,false,false,true),
	 (23,false,true,false,false),
	 (24,false,true,false,false),
	 (25,false,true,false,false),
	 (26,true,true,false,true),
	 (27,true,false,false,true),
	 (28,true,false,false,false),
	 (29,true,false,false,false),
	 (30,false,true,false,false);
INSERT INTO forma_pago (id_forma_pago,credito,debito,prepago,paypal) VALUES
	 (31,false,false,false,true),
	 (32,false,true,false,false),
	 (33,false,true,false,false),
	 (34,false,false,false,true),
	 (35,true,true,false,false),
	 (36,false,true,false,false),
	 (37,true,false,false,false),
	 (38,true,false,false,true),
	 (39,false,false,false,true),
	 (40,true,true,false,false);
INSERT INTO forma_pago (id_forma_pago,credito,debito,prepago,paypal) VALUES
	 (41,true,false,false,false),
	 (42,false,true,false,false),
	 (43,true,false,false,true),
	 (44,false,true,false,false),
	 (45,false,true,false,false),
	 (46,true,false,false,false),
	 (47,true,false,false,false),
	 (48,true,false,false,false),
	 (49,false,true,false,true),
	 (50,true,false,false,false);
INSERT INTO forma_pago (id_forma_pago,credito,debito,prepago,paypal) VALUES
	 (51,true,true,false,false),
	 (52,true,false,false,false),
	 (53,false,true,false,false),
	 (54,false,true,false,false),
	 (55,false,true,false,false),
	 (56,true,false,false,false),
	 (57,true,false,false,false),
	 (58,true,false,false,false),
	 (59,true,false,false,false),
	 (60,false,true,false,false);
INSERT INTO forma_pago (id_forma_pago,credito,debito,prepago,paypal) VALUES
	 (61,true,false,false,false),
	 (62,true,false,false,false),
	 (63,false,true,false,true),
	 (64,false,true,false,false),
	 (65,true,true,false,true),
	 (66,true,false,false,false),
	 (67,false,true,false,false),
	 (68,true,true,false,false),
	 (69,true,false,false,false),
	 (70,false,false,false,true);
INSERT INTO forma_pago (id_forma_pago,credito,debito,prepago,paypal) VALUES
	 (71,true,true,false,true),
	 (72,true,true,false,false),
	 (73,false,true,false,false),
	 (74,false,true,false,false),
	 (75,true,false,false,true),
	 (76,true,false,false,false),
	 (77,true,true,false,true),
	 (78,true,true,false,true),
	 (79,true,false,false,true),
	 (80,true,true,false,false);
INSERT INTO forma_pago (id_forma_pago,credito,debito,prepago,paypal) VALUES
	 (81,false,true,false,false),
	 (82,true,false,false,false),
	 (83,false,true,false,true),
	 (84,true,true,false,false),
	 (85,true,false,false,false),
	 (86,true,true,false,true),
	 (87,true,true,false,false),
	 (88,true,false,false,true),
	 (89,true,true,false,false),
	 (90,true,false,false,false);
INSERT INTO forma_pago (id_forma_pago,credito,debito,prepago,paypal) VALUES
	 (91,true,true,false,false),
	 (92,true,true,false,false),
	 (93,true,true,false,true),
	 (94,false,true,false,true),
	 (95,true,true,false,false),
	 (96,false,true,false,false),
	 (97,false,true,true,false),
	 (98,true,false,false,false);
INSERT INTO sentimientos_post_uso (id_sentimientos_post_uso,feliz,triste,enojado,indiferente,nostalgico,celoso,amenazado) VALUES
	 (1,true,true,true,false,false,false,false),
	 (2,true,false,true,true,false,false,false),
	 (3,false,false,false,false,true,false,false),
	 (4,false,true,true,false,true,false,true),
	 (5,true,false,false,true,false,false,false),
	 (6,true,false,false,true,false,false,false),
	 (7,true,false,false,true,false,false,false),
	 (8,false,false,true,false,false,false,false),
	 (9,true,false,false,false,false,false,false),
	 (10,true,false,false,true,false,false,false);
INSERT INTO sentimientos_post_uso (id_sentimientos_post_uso,feliz,triste,enojado,indiferente,nostalgico,celoso,amenazado) VALUES
	 (11,true,false,true,true,false,false,false),
	 (12,true,false,false,true,false,false,false),
	 (13,false,true,false,false,true,false,false),
	 (14,true,false,false,true,false,false,false),
	 (15,false,false,false,true,false,false,false),
	 (16,true,true,false,false,false,true,false),
	 (17,false,false,false,true,false,false,false),
	 (18,true,true,false,false,false,true,false),
	 (19,false,false,false,true,false,true,false),
	 (20,false,false,false,true,false,false,false);
INSERT INTO sentimientos_post_uso (id_sentimientos_post_uso,feliz,triste,enojado,indiferente,nostalgico,celoso,amenazado) VALUES
	 (21,false,false,false,true,true,true,false),
	 (22,false,true,true,false,false,true,false),
	 (23,true,false,false,false,false,false,false),
	 (24,true,false,false,true,false,true,false),
	 (25,false,false,false,true,false,false,false),
	 (26,true,true,false,true,false,false,false),
	 (27,true,true,false,true,false,false,false),
	 (28,true,false,false,true,false,false,false),
	 (29,true,true,false,false,false,false,false),
	 (30,false,false,false,true,true,false,false);
INSERT INTO sentimientos_post_uso (id_sentimientos_post_uso,feliz,triste,enojado,indiferente,nostalgico,celoso,amenazado) VALUES
	 (31,true,false,false,false,false,false,true),
	 (32,true,true,false,true,false,false,false),
	 (33,true,true,false,true,false,false,false),
	 (34,true,false,false,false,false,false,false),
	 (35,false,false,false,true,false,false,false),
	 (36,true,false,false,true,false,false,false),
	 (37,false,false,false,true,false,false,false),
	 (38,false,false,false,true,false,false,false),
	 (39,false,false,false,true,false,false,false),
	 (40,true,false,false,false,false,false,false);
INSERT INTO sentimientos_post_uso (id_sentimientos_post_uso,feliz,triste,enojado,indiferente,nostalgico,celoso,amenazado) VALUES
	 (41,true,true,false,false,false,true,false),
	 (42,true,false,false,true,true,false,false),
	 (43,true,false,false,true,true,false,false),
	 (44,false,true,false,true,false,false,false),
	 (45,false,false,false,true,false,false,false),
	 (46,false,false,false,true,true,false,false),
	 (47,false,false,false,true,false,false,false),
	 (48,false,false,false,true,false,false,false),
	 (49,false,false,false,true,false,false,false),
	 (50,true,false,false,true,false,false,false);
INSERT INTO sentimientos_post_uso (id_sentimientos_post_uso,feliz,triste,enojado,indiferente,nostalgico,celoso,amenazado) VALUES
	 (51,false,false,false,true,false,false,false),
	 (52,true,true,false,true,false,false,false),
	 (53,true,false,true,false,true,false,false),
	 (54,false,false,false,true,false,false,false),
	 (55,false,false,false,true,false,false,false),
	 (56,false,false,false,true,false,false,false),
	 (57,false,false,false,true,false,false,false),
	 (58,true,false,true,false,false,true,false),
	 (59,true,false,false,true,false,false,false),
	 (60,true,false,false,false,false,false,false);
INSERT INTO sentimientos_post_uso (id_sentimientos_post_uso,feliz,triste,enojado,indiferente,nostalgico,celoso,amenazado) VALUES
	 (61,false,false,false,true,false,false,false),
	 (62,false,false,false,true,false,false,false),
	 (63,true,false,false,false,false,false,false),
	 (64,false,false,false,true,false,false,false),
	 (65,false,false,true,true,false,false,false),
	 (66,false,true,false,false,true,false,false),
	 (67,true,false,false,true,false,false,false),
	 (68,true,false,false,true,false,false,false),
	 (69,false,false,false,true,false,false,false),
	 (70,true,false,false,true,false,false,false);
INSERT INTO sentimientos_post_uso (id_sentimientos_post_uso,feliz,triste,enojado,indiferente,nostalgico,celoso,amenazado) VALUES
	 (71,true,false,false,true,false,false,false),
	 (72,true,false,false,true,false,true,false),
	 (73,true,false,false,true,true,false,false),
	 (74,true,false,false,true,true,false,false),
	 (75,false,false,false,true,false,false,false),
	 (76,false,false,false,true,false,false,false),
	 (77,true,true,true,false,false,false,false),
	 (78,false,false,false,true,false,false,false),
	 (79,true,false,false,true,false,false,true),
	 (80,true,false,false,true,false,false,false);
INSERT INTO sentimientos_post_uso (id_sentimientos_post_uso,feliz,triste,enojado,indiferente,nostalgico,celoso,amenazado) VALUES
	 (81,false,false,false,true,false,false,false),
	 (82,false,false,false,true,false,false,false),
	 (83,false,false,false,true,false,false,false),
	 (84,true,false,false,true,false,false,false),
	 (85,false,false,false,true,false,false,false),
	 (86,false,false,false,true,false,false,false),
	 (87,false,false,false,true,false,false,false),
	 (88,true,false,false,false,true,false,false),
	 (89,false,false,false,true,false,false,false),
	 (90,true,false,true,true,false,false,false);
INSERT INTO sentimientos_post_uso (id_sentimientos_post_uso,feliz,triste,enojado,indiferente,nostalgico,celoso,amenazado) VALUES
	 (91,true,false,false,true,false,false,false),
	 (92,true,true,false,false,true,false,false),
	 (93,false,false,false,true,false,false,false),
	 (94,false,false,false,true,false,false,false),
	 (95,true,false,false,false,false,false,false),
	 (96,true,false,false,true,false,false,false),
	 (97,false,false,false,true,false,false,false),
	 (98,false,false,false,true,false,false,false);
INSERT INTO uso_stalkeo (id_uso_stalkeo,escuela,empleador,producto,persona,nunca) VALUES
	 (1,false,false,false,false,true),
	 (2,false,false,false,false,true),
	 (3,true,true,true,false,false),
	 (4,false,false,false,false,true),
	 (5,false,false,false,false,true),
	 (6,true,true,true,true,false),
	 (7,true,true,true,true,false),
	 (8,false,false,false,false,true),
	 (9,false,false,false,true,false),
	 (10,false,false,false,false,true);
INSERT INTO uso_stalkeo (id_uso_stalkeo,escuela,empleador,producto,persona,nunca) VALUES
	 (11,false,false,false,false,true),
	 (12,false,false,false,false,false),
	 (13,false,false,false,false,true),
	 (14,false,false,true,false,false),
	 (15,false,false,false,false,true),
	 (16,true,true,false,false,false),
	 (17,true,true,true,true,false),
	 (18,true,true,true,false,false),
	 (19,false,false,false,false,true),
	 (20,false,false,false,false,true);
INSERT INTO uso_stalkeo (id_uso_stalkeo,escuela,empleador,producto,persona,nunca) VALUES
	 (21,true,true,false,false,false),
	 (22,false,false,false,false,true),
	 (23,true,true,true,false,false),
	 (24,true,true,true,false,false),
	 (25,false,true,false,false,false),
	 (26,false,false,false,false,true),
	 (27,false,false,false,false,true),
	 (28,false,false,false,false,true),
	 (29,false,true,false,true,false),
	 (30,false,true,false,true,false);
INSERT INTO uso_stalkeo (id_uso_stalkeo,escuela,empleador,producto,persona,nunca) VALUES
	 (31,false,false,false,false,true),
	 (32,false,true,true,false,true),
	 (33,false,false,true,true,false),
	 (34,false,false,false,false,true),
	 (35,false,false,false,false,true),
	 (36,false,true,true,true,false),
	 (37,false,false,false,true,false),
	 (38,false,false,true,true,false),
	 (39,true,true,true,false,false),
	 (40,false,false,false,false,true);
INSERT INTO uso_stalkeo (id_uso_stalkeo,escuela,empleador,producto,persona,nunca) VALUES
	 (41,true,false,true,true,false),
	 (42,false,false,false,false,true),
	 (43,false,true,true,false,false),
	 (44,false,false,false,false,true),
	 (45,false,true,true,false,false),
	 (46,false,false,false,false,true),
	 (47,false,false,false,false,true),
	 (48,true,true,false,false,false),
	 (49,false,false,false,false,true),
	 (50,false,false,false,false,false);
INSERT INTO uso_stalkeo (id_uso_stalkeo,escuela,empleador,producto,persona,nunca) VALUES
	 (51,false,false,false,false,true),
	 (52,true,true,true,false,false),
	 (53,true,true,false,false,false),
	 (54,false,false,true,false,false),
	 (55,false,false,false,false,true),
	 (56,false,false,false,false,true),
	 (57,false,true,false,false,false),
	 (58,false,false,false,true,false),
	 (59,false,false,false,true,false),
	 (60,false,true,false,false,false);
INSERT INTO uso_stalkeo (id_uso_stalkeo,escuela,empleador,producto,persona,nunca) VALUES
	 (61,false,true,false,false,false),
	 (62,false,false,false,false,true),
	 (63,true,true,true,false,false),
	 (64,false,false,false,false,true),
	 (65,false,false,false,false,false),
	 (66,false,false,true,false,false),
	 (67,false,false,true,false,false),
	 (68,false,true,true,false,false),
	 (69,false,false,false,false,true),
	 (70,true,true,false,false,false);
INSERT INTO uso_stalkeo (id_uso_stalkeo,escuela,empleador,producto,persona,nunca) VALUES
	 (71,false,false,false,false,true),
	 (72,true,true,false,false,false),
	 (73,false,false,false,false,true),
	 (74,false,false,false,false,true),
	 (75,false,false,true,true,false),
	 (76,false,false,false,false,true),
	 (77,false,false,false,false,true),
	 (78,false,false,true,false,false),
	 (79,false,false,true,true,false),
	 (80,false,true,false,true,false);
INSERT INTO uso_stalkeo (id_uso_stalkeo,escuela,empleador,producto,persona,nunca) VALUES
	 (81,false,false,false,false,true),
	 (82,false,true,true,false,false),
	 (83,false,false,true,false,false),
	 (84,false,false,false,false,true),
	 (85,false,false,false,false,true),
	 (86,false,false,false,false,true),
	 (87,false,false,false,false,true),
	 (88,false,true,false,false,false),
	 (89,false,true,false,false,false),
	 (90,true,true,true,false,false);
INSERT INTO uso_stalkeo (id_uso_stalkeo,escuela,empleador,producto,persona,nunca) VALUES
	 (91,true,true,false,false,false),
	 (92,false,false,true,false,false),
	 (93,false,false,false,false,true),
	 (94,false,false,true,false,false),
	 (95,true,true,true,false,false),
	 (96,false,false,false,false,true),
	 (97,false,false,false,false,true),
	 (98,false,false,false,false,true);
INSERT INTO contenido_compartido (id_contenido_compartido,memes,musica,fotos,ideas,info_util,nada) VALUES
	 (1,true,true,false,true,false,false),
	 (2,false,false,true,true,true,false),
	 (3,false,false,false,false,false,true),
	 (4,false,false,false,false,false,true),
	 (5,true,false,false,false,false,false),
	 (6,false,false,true,false,false,true),
	 (7,false,false,false,false,false,true),
	 (8,true,false,false,false,false,false),
	 (9,true,true,true,false,false,false),
	 (10,false,false,false,false,false,true);
INSERT INTO contenido_compartido (id_contenido_compartido,memes,musica,fotos,ideas,info_util,nada) VALUES
	 (11,false,false,true,false,false,true),
	 (12,true,false,true,false,false,false),
	 (13,true,true,true,true,true,false),
	 (14,true,true,true,false,false,false),
	 (15,true,true,true,false,false,false),
	 (16,false,false,true,true,true,false),
	 (17,true,true,true,true,true,false),
	 (18,false,true,true,true,false,false),
	 (19,true,true,false,false,false,false),
	 (20,true,true,true,true,true,false);
INSERT INTO contenido_compartido (id_contenido_compartido,memes,musica,fotos,ideas,info_util,nada) VALUES
	 (21,true,true,false,true,false,true),
	 (22,false,false,false,false,false,true),
	 (23,true,false,false,false,false,false),
	 (24,true,true,true,false,false,false),
	 (25,true,false,true,false,true,false),
	 (26,true,false,true,false,false,true),
	 (27,false,false,false,false,false,true),
	 (28,false,true,true,true,false,false),
	 (29,true,true,true,true,true,false),
	 (30,true,false,false,false,false,true);
INSERT INTO contenido_compartido (id_contenido_compartido,memes,musica,fotos,ideas,info_util,nada) VALUES
	 (31,false,false,false,false,false,true),
	 (32,false,false,false,false,false,true),
	 (33,true,true,true,true,true,false),
	 (34,true,false,false,false,false,true),
	 (35,true,false,true,false,false,false),
	 (36,false,false,true,true,false,false),
	 (37,false,false,false,false,false,true),
	 (38,true,true,true,false,false,false),
	 (39,true,true,true,true,false,false),
	 (40,false,false,false,false,false,true);
INSERT INTO contenido_compartido (id_contenido_compartido,memes,musica,fotos,ideas,info_util,nada) VALUES
	 (41,true,false,false,false,false,false),
	 (42,true,true,true,true,true,false),
	 (43,false,false,false,false,false,true),
	 (44,false,false,false,false,false,true),
	 (45,true,true,false,false,true,false),
	 (46,true,false,false,false,true,false),
	 (47,false,false,false,false,false,true),
	 (48,false,false,true,false,false,false),
	 (49,true,true,false,false,false,true),
	 (50,true,false,false,false,false,false);
INSERT INTO contenido_compartido (id_contenido_compartido,memes,musica,fotos,ideas,info_util,nada) VALUES
	 (51,true,false,false,false,false,false),
	 (52,false,false,false,false,false,true),
	 (53,false,false,false,true,false,true),
	 (54,true,false,false,false,false,false),
	 (55,true,false,false,false,true,true),
	 (56,false,true,true,false,false,false),
	 (57,true,false,true,false,false,false),
	 (58,false,false,false,false,false,true),
	 (59,false,false,true,true,false,true),
	 (60,true,false,true,true,true,false);
INSERT INTO contenido_compartido (id_contenido_compartido,memes,musica,fotos,ideas,info_util,nada) VALUES
	 (61,true,false,false,false,false,true),
	 (62,true,false,false,true,false,false),
	 (63,true,false,false,true,false,false),
	 (64,true,false,true,true,false,false),
	 (65,false,false,false,false,true,false),
	 (66,false,false,true,false,false,false),
	 (67,true,true,true,false,false,false),
	 (68,false,false,true,false,false,false),
	 (69,false,true,true,false,false,false),
	 (70,false,false,false,false,false,true);
INSERT INTO contenido_compartido (id_contenido_compartido,memes,musica,fotos,ideas,info_util,nada) VALUES
	 (71,false,false,true,false,false,false),
	 (72,true,false,true,true,false,false),
	 (73,false,false,false,false,false,true),
	 (74,true,false,true,false,false,false),
	 (75,true,true,true,false,false,false),
	 (76,false,false,true,false,false,true),
	 (77,false,false,false,true,true,false),
	 (78,false,false,false,false,false,true),
	 (79,false,false,false,false,false,true),
	 (80,true,true,false,false,false,false);
INSERT INTO contenido_compartido (id_contenido_compartido,memes,musica,fotos,ideas,info_util,nada) VALUES
	 (81,false,false,false,false,false,true),
	 (82,false,false,false,false,false,true),
	 (83,false,false,false,false,false,true),
	 (84,false,false,false,false,false,true),
	 (85,false,false,false,false,false,true),
	 (86,false,false,false,true,true,false),
	 (87,false,false,false,false,false,true),
	 (88,true,true,false,false,false,false),
	 (89,true,false,false,false,false,false),
	 (90,false,false,false,false,false,true);
INSERT INTO contenido_compartido (id_contenido_compartido,memes,musica,fotos,ideas,info_util,nada) VALUES
	 (91,true,true,true,true,true,false),
	 (92,true,false,false,true,true,false),
	 (93,false,false,false,false,false,true),
	 (94,false,false,false,false,false,true),
	 (95,false,false,false,false,false,true),
	 (96,true,false,false,false,false,false),
	 (97,true,false,false,false,false,false),
	 (98,false,false,false,false,false,true);
INSERT INTO redes_uso (id_redes_uso,convencionales,multimedia,comunicacion,citas,penguin,ninguna) VALUES
	 (1,true,false,true,false,true,false),
	 (2,false,true,false,true,true,false),
	 (3,true,true,true,false,false,false),
	 (4,true,false,true,false,true,false),
	 (5,true,false,true,false,true,false),
	 (6,true,true,true,false,false,false),
	 (7,true,false,true,false,false,false),
	 (8,true,true,true,false,false,false),
	 (9,true,true,true,false,false,false),
	 (10,true,false,true,false,false,false);
INSERT INTO redes_uso (id_redes_uso,convencionales,multimedia,comunicacion,citas,penguin,ninguna) VALUES
	 (11,true,true,true,false,false,false),
	 (12,true,true,true,false,false,false),
	 (13,true,false,true,false,true,false),
	 (14,true,true,true,false,false,false),
	 (15,true,true,true,false,false,false),
	 (16,true,true,true,true,false,false),
	 (17,true,false,true,false,false,false),
	 (18,true,false,true,false,false,false),
	 (19,true,true,true,false,true,false),
	 (20,true,true,true,false,true,false);
INSERT INTO redes_uso (id_redes_uso,convencionales,multimedia,comunicacion,citas,penguin,ninguna) VALUES
	 (21,false,true,true,false,false,false),
	 (22,true,true,true,false,false,false),
	 (23,true,false,true,false,false,false),
	 (24,true,false,true,false,false,false),
	 (25,true,false,true,false,false,false),
	 (26,true,false,true,false,true,false),
	 (27,true,true,true,false,false,false),
	 (28,false,false,true,false,false,false),
	 (29,true,true,true,false,false,false),
	 (30,true,false,true,false,true,false);
INSERT INTO redes_uso (id_redes_uso,convencionales,multimedia,comunicacion,citas,penguin,ninguna) VALUES
	 (31,true,false,true,true,false,false),
	 (32,true,true,true,false,false,false),
	 (33,true,false,true,false,false,false),
	 (34,true,false,true,false,false,false),
	 (35,true,true,true,false,false,false),
	 (36,true,true,true,false,false,false),
	 (37,true,false,true,false,false,false),
	 (38,true,false,true,false,false,false),
	 (39,true,false,true,false,false,false),
	 (40,false,false,true,false,false,false);
INSERT INTO redes_uso (id_redes_uso,convencionales,multimedia,comunicacion,citas,penguin,ninguna) VALUES
	 (41,true,true,false,false,false,false),
	 (42,true,false,true,true,false,false),
	 (43,true,false,true,true,true,false),
	 (44,false,true,true,false,true,false),
	 (45,true,false,true,false,true,false),
	 (46,true,false,true,false,false,false),
	 (47,true,true,true,true,false,false),
	 (48,true,false,true,false,false,false),
	 (49,true,false,true,false,true,false),
	 (50,true,false,true,false,false,false);
INSERT INTO redes_uso (id_redes_uso,convencionales,multimedia,comunicacion,citas,penguin,ninguna) VALUES
	 (51,true,false,true,false,true,false),
	 (52,true,true,true,true,false,false),
	 (53,true,false,true,false,true,false),
	 (54,true,false,true,false,true,false),
	 (55,true,false,true,false,false,false),
	 (56,true,false,true,false,false,false),
	 (57,true,true,true,false,false,false),
	 (58,true,false,false,false,true,false),
	 (59,true,false,true,false,true,false),
	 (60,true,false,true,false,false,false);
INSERT INTO redes_uso (id_redes_uso,convencionales,multimedia,comunicacion,citas,penguin,ninguna) VALUES
	 (61,true,false,false,false,false,false),
	 (62,true,true,true,true,false,false),
	 (63,true,true,true,false,false,false),
	 (64,true,false,true,false,false,false),
	 (65,true,false,true,false,false,false),
	 (66,true,true,true,false,false,false),
	 (67,true,true,true,false,false,false),
	 (68,true,true,true,false,false,false),
	 (69,false,true,true,false,false,false),
	 (70,true,true,true,false,false,false);
INSERT INTO redes_uso (id_redes_uso,convencionales,multimedia,comunicacion,citas,penguin,ninguna) VALUES
	 (71,true,true,true,false,false,false),
	 (72,false,true,true,false,false,false),
	 (73,true,false,true,false,false,false),
	 (74,true,true,true,true,false,false),
	 (75,true,false,true,false,false,false),
	 (76,true,false,true,false,false,false),
	 (77,true,false,true,false,false,false),
	 (78,true,false,true,false,false,false),
	 (79,true,false,true,false,true,false),
	 (80,true,true,true,false,false,false);
INSERT INTO redes_uso (id_redes_uso,convencionales,multimedia,comunicacion,citas,penguin,ninguna) VALUES
	 (81,true,false,true,false,false,false),
	 (82,false,true,true,false,false,false),
	 (83,true,false,true,false,true,false),
	 (84,true,true,true,false,true,false),
	 (85,true,true,true,false,false,false),
	 (86,true,false,true,false,false,false),
	 (87,true,false,true,false,false,false),
	 (88,true,true,true,false,false,false),
	 (89,false,false,true,false,false,false),
	 (90,false,false,true,false,false,false);
INSERT INTO redes_uso (id_redes_uso,convencionales,multimedia,comunicacion,citas,penguin,ninguna) VALUES
	 (91,true,false,true,false,false,false),
	 (92,true,false,true,false,false,false),
	 (93,true,false,true,false,false,false),
	 (94,true,false,true,false,false,false),
	 (95,true,false,true,false,false,false),
	 (96,true,true,true,false,false,false),
	 (97,true,false,true,false,false,false),
	 (98,false,true,true,false,false,false);
INSERT INTO dispositivos (id_dispositivos,laptop,tablet,celular,computadora_escritorio) VALUES
	 (1,true,false,true,false),
	 (2,true,true,true,true),
	 (3,true,true,true,false),
	 (4,true,false,true,false),
	 (5,true,false,true,false),
	 (6,true,false,false,false),
	 (7,true,true,true,false),
	 (8,true,false,true,false),
	 (9,true,true,true,false),
	 (10,true,false,true,false);
INSERT INTO dispositivos (id_dispositivos,laptop,tablet,celular,computadora_escritorio) VALUES
	 (11,false,true,true,false),
	 (12,true,true,true,false),
	 (13,true,false,true,false),
	 (14,true,true,true,false),
	 (15,true,false,true,false),
	 (16,true,true,true,false),
	 (17,true,true,true,true),
	 (18,true,false,true,true),
	 (19,true,false,true,true),
	 (20,true,true,true,true);
INSERT INTO dispositivos (id_dispositivos,laptop,tablet,celular,computadora_escritorio) VALUES
	 (21,true,false,true,false),
	 (22,true,false,true,false),
	 (23,true,true,true,false),
	 (24,true,false,false,false),
	 (25,false,false,true,false),
	 (26,true,true,true,false),
	 (27,true,true,true,false),
	 (28,false,false,true,false),
	 (29,true,true,true,false),
	 (30,false,false,false,true);
INSERT INTO dispositivos (id_dispositivos,laptop,tablet,celular,computadora_escritorio) VALUES
	 (31,true,true,true,true),
	 (32,false,true,false,false),
	 (33,true,false,true,true),
	 (34,true,true,true,false),
	 (35,true,false,true,false),
	 (36,true,false,false,false),
	 (37,true,false,false,false),
	 (38,true,false,true,false),
	 (39,true,false,true,false),
	 (40,true,false,true,false);
INSERT INTO dispositivos (id_dispositivos,laptop,tablet,celular,computadora_escritorio) VALUES
	 (41,true,false,true,true),
	 (42,true,true,true,false),
	 (43,false,false,true,true),
	 (44,true,false,true,false),
	 (45,true,false,true,false),
	 (46,true,false,true,false),
	 (47,true,true,true,false),
	 (48,true,true,true,false),
	 (49,true,false,true,false),
	 (50,true,true,true,false);
INSERT INTO dispositivos (id_dispositivos,laptop,tablet,celular,computadora_escritorio) VALUES
	 (51,true,false,true,false),
	 (52,false,false,false,true),
	 (53,true,false,true,true),
	 (54,false,false,true,true),
	 (55,true,true,true,false),
	 (56,true,false,true,false),
	 (57,true,true,true,false),
	 (58,false,false,false,true),
	 (59,true,true,true,false),
	 (60,false,false,true,false);
INSERT INTO dispositivos (id_dispositivos,laptop,tablet,celular,computadora_escritorio) VALUES
	 (61,false,false,true,false),
	 (62,true,true,true,false),
	 (63,true,true,true,false),
	 (64,false,false,false,true),
	 (65,true,true,false,true),
	 (66,true,true,true,false),
	 (67,true,false,true,false),
	 (68,true,false,true,false),
	 (69,true,true,true,false),
	 (70,true,false,true,true);
INSERT INTO dispositivos (id_dispositivos,laptop,tablet,celular,computadora_escritorio) VALUES
	 (71,true,true,true,false),
	 (72,true,true,true,false),
	 (73,true,false,true,false),
	 (74,true,false,true,false),
	 (75,true,true,true,true),
	 (76,true,true,true,false),
	 (77,true,false,true,false),
	 (78,true,false,true,false),
	 (79,true,false,true,false),
	 (80,true,false,true,false);
INSERT INTO dispositivos (id_dispositivos,laptop,tablet,celular,computadora_escritorio) VALUES
	 (81,true,false,true,false),
	 (82,true,true,true,false),
	 (83,true,false,true,true),
	 (84,true,true,true,false),
	 (85,true,false,true,false),
	 (86,true,true,true,true),
	 (87,true,true,true,true),
	 (88,true,false,true,false),
	 (89,true,false,true,false),
	 (90,true,false,true,true);
INSERT INTO dispositivos (id_dispositivos,laptop,tablet,celular,computadora_escritorio) VALUES
	 (91,true,false,true,false),
	 (92,true,false,true,false),
	 (93,true,true,true,false),
	 (94,true,false,true,false),
	 (95,true,false,true,false),
	 (96,true,true,true,false),
	 (97,true,false,true,false),
	 (98,false,false,true,false);
INSERT INTO confianza_paginas (id_confianza_paginas,nombre,direccion,datos_bancarios,preferencias) VALUES
	 (1,'Ni confío ni desconfío','Ni confío ni desconfío','Ni confío ni desconfío','Ni confío ni desconfío'),
	 (2,'Desconfío','Desconfío','Desconfío','Desconfío'),
	 (3,'Confío','Desconfío','Desconfío','Confío'),
	 (4,'Desconfío','Desconfío','Desconfío','Desconfío'),
	 (5,'Confío','Confío','Ni confío ni desconfío','Desconfío'),
	 (6,'Ni confío ni desconfío','Desconfío','Desconfío','Ni confío ni desconfío'),
	 (7,'Confío','Confío','Ni confío ni desconfío','Ni confío ni desconfío'),
	 (8,'Ni confío ni desconfío','Confío','Confío','Confío'),
	 (9,'Ni confío ni desconfío','Ni confío ni desconfío','Desconfío','Ni confío ni desconfío'),
	 (10,'Confío','Confío','Confío','Confío');
INSERT INTO confianza_paginas (id_confianza_paginas,nombre,direccion,datos_bancarios,preferencias) VALUES
	 (11,'','','',''),
	 (12,'Confío','Confío','Desconfío','Ni confío ni desconfío'),
	 (13,'Ni confío ni desconfío','Desconfío','Desconfío','Ni confío ni desconfío'),
	 (14,'','','',''),
	 (15,'Confío','Confío','Confío','Ni confío ni desconfío'),
	 (16,'Desconfío','Desconfío','Desconfío','Ni confío ni desconfío'),
	 (17,'Confío','Ni confío ni desconfío','Ni confío ni desconfío','Ni confío ni desconfío'),
	 (18,'Confío','Confío','Desconfío','Confío'),
	 (19,'Ni confío ni desconfío','Desconfío','Desconfío','Ni confío ni desconfío'),
	 (20,'Confío','Confío','Confío','Confío');
INSERT INTO confianza_paginas (id_confianza_paginas,nombre,direccion,datos_bancarios,preferencias) VALUES
	 (21,'Confío','Ni confío ni desconfío','Desconfío','Confío'),
	 (22,'Confío','Ni confío ni desconfío','Ni confío ni desconfío','Desconfío'),
	 (23,'Confío','Ni confío ni desconfío','Desconfío','Ni confío ni desconfío'),
	 (24,'Desconfío','Ni confío ni desconfío','Ni confío ni desconfío','Confío'),
	 (25,'Desconfío','Ni confío ni desconfío','Desconfío','Confío'),
	 (26,'Ni confío ni desconfío','','Ni confío ni desconfío','Ni confío ni desconfío'),
	 (27,'Confío','Confío','Ni confío ni desconfío','Ni confío ni desconfío'),
	 (28,'Desconfío','Desconfío','Ni confío ni desconfío','Desconfío'),
	 (29,'Confío','Desconfío','Ni confío ni desconfío','Desconfío'),
	 (30,'Confío','Confío','Confío','Confío');
INSERT INTO confianza_paginas (id_confianza_paginas,nombre,direccion,datos_bancarios,preferencias) VALUES
	 (31,'Ni confío ni desconfío','Ni confío ni desconfío','Desconfío','Ni confío ni desconfío'),
	 (32,'Confío','Confío','Ni confío ni desconfío','Desconfío'),
	 (33,'Confío','Confío','Confío','Confío'),
	 (34,'Confío','Confío','Ni confío ni desconfío','Desconfío'),
	 (35,'Confío','Confío','Desconfío','Confío'),
	 (36,'Confío','Confío','Ni confío ni desconfío','Ni confío ni desconfío'),
	 (37,'Confío','Confío','Confío','Confío'),
	 (38,'Ni confío ni desconfío','Desconfío','Desconfío','Ni confío ni desconfío'),
	 (39,'Ni confío ni desconfío','Desconfío','Desconfío','Desconfío'),
	 (40,'Confío','Desconfío','Desconfío','');
INSERT INTO confianza_paginas (id_confianza_paginas,nombre,direccion,datos_bancarios,preferencias) VALUES
	 (41,'Confío','Ni confío ni desconfío','Confío','Desconfío'),
	 (42,'Confío','Desconfío','Desconfío','Ni confío ni desconfío'),
	 (43,'Ni confío ni desconfío','Ni confío ni desconfío','Confío','Ni confío ni desconfío'),
	 (44,'Ni confío ni desconfío','Desconfío','Desconfío','Desconfío'),
	 (45,'Ni confío ni desconfío','Confío','Desconfío','Ni confío ni desconfío'),
	 (46,'Ni confío ni desconfío','Ni confío ni desconfío','Ni confío ni desconfío','Ni confío ni desconfío'),
	 (47,'Confío','Confío','Confío','Ni confío ni desconfío'),
	 (48,'Confío','Confío','Ni confío ni desconfío','Confío'),
	 (49,'Confío','Confío','Desconfío','Ni confío ni desconfío'),
	 (50,'Confío','Confío','Confío','Confío');
INSERT INTO confianza_paginas (id_confianza_paginas,nombre,direccion,datos_bancarios,preferencias) VALUES
	 (51,'Confío','Ni confío ni desconfío','Ni confío ni desconfío','Ni confío ni desconfío'),
	 (52,'Confío','Confío','Ni confío ni desconfío','Confío'),
	 (53,'Ni confío ni desconfío','Confío','Confío','Ni confío ni desconfío'),
	 (54,'Confío','Confío','Ni confío ni desconfío','Confío'),
	 (55,'Confío','Confío','Confío','Confío'),
	 (56,'Ni confío ni desconfío','Desconfío','Desconfío','Confío'),
	 (57,'Confío','Confío','Confío','Confío'),
	 (58,'Desconfío','Desconfío','Desconfío','Confío'),
	 (59,'Confío','Ni confío ni desconfío','Ni confío ni desconfío','Ni confío ni desconfío'),
	 (60,'Ni confío ni desconfío','Ni confío ni desconfío','Ni confío ni desconfío','Ni confío ni desconfío');
INSERT INTO confianza_paginas (id_confianza_paginas,nombre,direccion,datos_bancarios,preferencias) VALUES
	 (61,'Confío','Desconfío','Desconfío','Ni confío ni desconfío'),
	 (62,'Confío','Confío','Confío','Ni confío ni desconfío'),
	 (63,'Confío','Confío','Ni confío ni desconfío','Confío'),
	 (64,'Confío','Confío','Ni confío ni desconfío','Ni confío ni desconfío'),
	 (65,'Confío','Ni confío ni desconfío','Desconfío','Ni confío ni desconfío'),
	 (66,'Confío','Ni confío ni desconfío','Desconfío','Ni confío ni desconfío'),
	 (67,'Ni confío ni desconfío','Ni confío ni desconfío','Ni confío ni desconfío','Ni confío ni desconfío'),
	 (68,'Ni confío ni desconfío','Desconfío','Desconfío','Confío'),
	 (69,'Confío','Confío','Confío','Confío'),
	 (70,'Confío','Confío','Ni confío ni desconfío','Confío');
INSERT INTO confianza_paginas (id_confianza_paginas,nombre,direccion,datos_bancarios,preferencias) VALUES
	 (71,'Confío','Confío','Ni confío ni desconfío','Confío'),
	 (72,'Ni confío ni desconfío','Desconfío','Desconfío','Ni confío ni desconfío'),
	 (73,'Desconfío','Desconfío','Desconfío','Desconfío'),
	 (74,'Confío','Ni confío ni desconfío','Ni confío ni desconfío','Desconfío'),
	 (75,'Confío','Ni confío ni desconfío','Ni confío ni desconfío','Ni confío ni desconfío'),
	 (76,'Confío','Confío','Confío','Confío'),
	 (77,'Confío','Confío','Confío','Ni confío ni desconfío'),
	 (78,'Ni confío ni desconfío','Desconfío','Desconfío','Ni confío ni desconfío'),
	 (79,'Ni confío ni desconfío','Ni confío ni desconfío','Ni confío ni desconfío','Desconfío'),
	 (80,'Confío','Confío','Confío','Desconfío');
INSERT INTO confianza_paginas (id_confianza_paginas,nombre,direccion,datos_bancarios,preferencias) VALUES
	 (81,'Ni confío ni desconfío','Ni confío ni desconfío','Desconfío','Confío'),
	 (82,'Confío','Desconfío','Ni confío ni desconfío','Confío'),
	 (83,'Confío','Confío','Confío','Confío'),
	 (84,'Confío','Confío','Confío','Ni confío ni desconfío'),
	 (85,'Confío','Confío','Confío','Confío'),
	 (86,'Ni confío ni desconfío','Ni confío ni desconfío','Ni confío ni desconfío','Ni confío ni desconfío'),
	 (87,'Confío','Confío','Ni confío ni desconfío','Ni confío ni desconfío'),
	 (88,'Confío','Ni confío ni desconfío','Ni confío ni desconfío','Ni confío ni desconfío'),
	 (89,'Ni confío ni desconfío','Ni confío ni desconfío','Desconfío','Desconfío'),
	 (90,'Confío','Desconfío','Desconfío','Confío');
INSERT INTO confianza_paginas (id_confianza_paginas,nombre,direccion,datos_bancarios,preferencias) VALUES
	 (91,'Desconfío','Desconfío','Desconfío','Desconfío'),
	 (92,'Confío','Confío','Confío','Confío'),
	 (93,'Confío','Confío','Confío','Ni confío ni desconfío'),
	 (94,'Ni confío ni desconfío','Confío','Desconfío','Confío'),
	 (95,'Confío','Confío','Confío','Confío'),
	 (96,'Confío','Desconfío','Ni confío ni desconfío','Confío'),
	 (97,'Confío','Confío','Ni confío ni desconfío','Ni confío ni desconfío'),
	 (98,'Ni confío ni desconfío','Desconfío','Desconfío','Ni confío ni desconfío');
INSERT INTO encuestado (id_encuestado,edad,licenciatura,genero,id_dispositivos,id_frecuencia_uso,valoracion_priv_ef,actitud_ciberseg,compras_en_linea) VALUES
	 (1,'20-22','Sí','Hombre',1,1,'Intento encontrar un balance','Prudente y moderado','Sí'),
	 (2,'20-22','Sí','No binario',2,2,'Eficiencia','Prudente y moderado','Sí'),
	 (3,'20-22','Sí','Mujer',3,3,'Intento encontrar un balance','Vigilante y activo','Sí'),
	 (4,'25+','No','Hombre',4,4,'Privacidad','Vigilante y activo','Sí'),
	 (5,'20-22','Sí','Hombre',5,5,'Intento encontrar un balance','Prudente y moderado','Sí'),
	 (6,'18-19','Sí','Hombre',6,6,'Eficiencia','Prudente y moderado','Sí'),
	 (7,'20-22','Sí','Hombre',7,7,'Intento encontrar un balance','Prudente y moderado','Sí'),
	 (8,'20-22','Sí','Hombre',8,8,'Intento encontrar un balance','Prudente y moderado','Sí'),
	 (9,'20-22','Sí','Mujer',9,9,'Intento encontrar un balance','Prudente y moderado','Sí'),
	 (10,'20-22','Sí','Hombre',10,10,'Privacidad','Prudente y moderado','Sí');
INSERT INTO encuestado (id_encuestado,edad,licenciatura,genero,id_dispositivos,id_frecuencia_uso,valoracion_priv_ef,actitud_ciberseg,compras_en_linea) VALUES
	 (11,'18-19','Sí','Mujer',11,11,'Intento encontrar un balance','Prudente y moderado','No'),
	 (12,'20-22','Sí','Mujer',12,12,'Privacidad','Indiferente','Sí'),
	 (13,'20-22','Sí','Hombre',13,13,'Intento encontrar un balance','Indiferente','Sí'),
	 (14,'18-19','Sí','Mujer',14,14,'Intento encontrar un balance','Indiferente','No'),
	 (15,'20-22','Sí','Hombre',15,15,'Intento encontrar un balance','Prudente y moderado','Sí'),
	 (16,'20-22','Sí','Hombre',16,16,'Intento encontrar un balance','Prudente y moderado','Sí'),
	 (17,'20-22','Sí','Hombre',17,17,'Intento encontrar un balance','Prudente y moderado','Sí'),
	 (18,'20-22','Sí','Hombre',18,18,'Privacidad','Prudente y moderado','Sí'),
	 (19,'20-22','Sí','Hombre',19,19,'Intento encontrar un balance','Prudente y moderado','Sí'),
	 (20,'20-22','Sí','Hombre',20,20,'Privacidad','Prudente y moderado','Sí');
INSERT INTO encuestado (id_encuestado,edad,licenciatura,genero,id_dispositivos,id_frecuencia_uso,valoracion_priv_ef,actitud_ciberseg,compras_en_linea) VALUES
	 (21,'20-22','Sí','Hombre',21,21,'Intento encontrar un balance','Indiferente','Sí'),
	 (22,'23-25','Sí','Mujer',22,22,'Eficiencia','Indiferente','Sí'),
	 (23,'23-25','Sí','Mujer',23,23,'Intento encontrar un balance','Prudente y moderado','Sí'),
	 (24,'20-22','Sí','Mujer',24,24,'Privacidad','Prudente y moderado','Sí'),
	 (25,'Menor a 16','No','Mujer',25,25,'Privacidad','Prudente y moderado','Sí'),
	 (26,'20-22','Sí','Hombre',26,26,'Intento encontrar un balance','Prudente y moderado','Sí'),
	 (27,'20-22','Sí','Mujer',27,27,'Intento encontrar un balance','Prudente y moderado','Sí'),
	 (28,'20-22','Sí','Hombre',28,28,'Eficiencia','Prudente y moderado','Sí'),
	 (29,'20-22','Sí','Mujer',29,29,'Privacidad','Prudente y moderado','Sí'),
	 (30,'20-22','Sí','Hombre',30,30,'Privacidad','Prudente y moderado','Sí');
INSERT INTO encuestado (id_encuestado,edad,licenciatura,genero,id_dispositivos,id_frecuencia_uso,valoracion_priv_ef,actitud_ciberseg,compras_en_linea) VALUES
	 (31,'23-25','No','Hombre',31,31,'Intento encontrar un balance','Prudente y moderado','Sí'),
	 (32,'20-22','Sí','Hombre',32,32,'Privacidad','Prudente y moderado','Sí'),
	 (33,'20-22','Sí','Hombre',33,33,'Privacidad','Prudente y moderado','Sí'),
	 (34,'20-22','Sí','Hombre',34,34,'Eficiencia','Indiferente','Sí'),
	 (35,'20-22','Sí','Mujer',35,35,'Intento encontrar un balance','Prudente y moderado','Sí'),
	 (36,'20-22','Sí','Hombre',36,36,'Intento encontrar un balance','Prudente y moderado','Sí'),
	 (37,'20-22','Sí','Hombre',37,37,'Intento encontrar un balance','Indiferente','Sí'),
	 (38,'20-22','Sí','Hombre',38,38,'Intento encontrar un balance','Prudente y moderado','Sí'),
	 (39,'20-22','Sí','Mujer',39,39,'Intento encontrar un balance','Prudente y moderado','Sí'),
	 (40,'20-22','Sí','Hombre',40,40,'Privacidad','Prudente y moderado','Sí');
INSERT INTO encuestado (id_encuestado,edad,licenciatura,genero,id_dispositivos,id_frecuencia_uso,valoracion_priv_ef,actitud_ciberseg,compras_en_linea) VALUES
	 (41,'23-25','Sí','Hombre',41,41,'Privacidad','Prudente y moderado','Sí'),
	 (42,'20-22','No','Hombre',42,42,'Intento encontrar un balance','Prudente y moderado','Sí'),
	 (43,'20-22','Sí','Hombre',43,43,'Intento encontrar un balance','Vigilante y activo','Sí'),
	 (44,'20-22','Sí','Mujer',44,44,'Privacidad','Prudente y moderado','Sí'),
	 (45,'20-22','Sí','Mujer',45,45,'Eficiencia','Prudente y moderado','Sí'),
	 (46,'25+','No','Mujer',46,46,'Privacidad','Prudente y moderado','Sí'),
	 (47,'20-22','Sí','Hombre',47,47,'Privacidad','Prudente y moderado','Sí'),
	 (48,'18-19','Sí','Mujer',48,48,'Intento encontrar un balance','Prudente y moderado','Sí'),
	 (49,'20-22','Sí','Hombre',49,49,'Intento encontrar un balance','Prudente y moderado','Sí'),
	 (50,'18-19','Sí','Hombre',50,50,'Intento encontrar un balance','Prudente y moderado','Sí');
INSERT INTO encuestado (id_encuestado,edad,licenciatura,genero,id_dispositivos,id_frecuencia_uso,valoracion_priv_ef,actitud_ciberseg,compras_en_linea) VALUES
	 (51,'18-19','Sí','Hombre',51,51,'Intento encontrar un balance','Prudente y moderado','Sí'),
	 (52,'23-25','Sí','Hombre',52,52,'Intento encontrar un balance','Prudente y moderado','Sí'),
	 (53,'20-22','Sí','Hombre',53,53,'Intento encontrar un balance','Prudente y moderado','Sí'),
	 (54,'20-22','Sí','Hombre',54,54,'Privacidad','Indiferente','Sí'),
	 (55,'18-19','Sí','Mujer',55,55,'Intento encontrar un balance','Indiferente','Sí'),
	 (56,'20-22','Sí','Mujer',56,56,'Intento encontrar un balance','Prudente y moderado','Sí'),
	 (57,'18-19','Sí','Mujer',57,57,'Privacidad','Prudente y moderado','Sí'),
	 (58,'20-22','Sí','Hombre',58,58,'Intento encontrar un balance','Prudente y moderado','Sí'),
	 (59,'20-22','Sí','Hombre',59,59,'Privacidad','Prudente y moderado','Sí'),
	 (60,'18-19','Sí','Hombre',60,60,'Privacidad','Prudente y moderado','Sí');
INSERT INTO encuestado (id_encuestado,edad,licenciatura,genero,id_dispositivos,id_frecuencia_uso,valoracion_priv_ef,actitud_ciberseg,compras_en_linea) VALUES
	 (61,'18-19','No','Hombre',61,61,'Intento encontrar un balance','Prudente y moderado','Sí'),
	 (62,'23-25','Sí','Hombre',62,62,'Intento encontrar un balance','Prudente y moderado','Sí'),
	 (63,'20-22','Sí','Mujer',63,63,'Intento encontrar un balance','Indiferente','Sí'),
	 (64,'25+','No','Hombre',64,64,'Eficiencia','Prudente y moderado','Sí'),
	 (65,'25+','No','Hombre',65,65,'Intento encontrar un balance','Vigilante y activo','Sí'),
	 (66,'20-22','Sí','Mujer',66,66,'Intento encontrar un balance','Prudente y moderado','Sí'),
	 (67,'20-22','Sí','Mujer',67,67,'Intento encontrar un balance','Prudente y moderado','Sí'),
	 (68,'20-22','Sí','Mujer',68,68,'Privacidad','Indiferente','Sí'),
	 (69,'20-22','Sí','Mujer',69,69,'Intento encontrar un balance','Prudente y moderado','Sí'),
	 (70,'20-22','Sí','Mujer',70,70,'Intento encontrar un balance','Prudente y moderado','Sí');
INSERT INTO encuestado (id_encuestado,edad,licenciatura,genero,id_dispositivos,id_frecuencia_uso,valoracion_priv_ef,actitud_ciberseg,compras_en_linea) VALUES
	 (71,'20-22','Sí','Mujer',71,71,'Privacidad','Prudente y moderado','Sí'),
	 (72,'20-22','Sí','Hombre',72,72,'Intento encontrar un balance','Prudente y moderado','Sí'),
	 (73,'20-22','Sí','Hombre',73,73,'Intento encontrar un balance','Prudente y moderado','Sí'),
	 (74,'20-22','Sí','Hombre',74,74,'Intento encontrar un balance','Prudente y moderado','Sí'),
	 (75,'20-22','Sí','Hombre',75,75,'Intento encontrar un balance','Prudente y moderado','Sí'),
	 (76,'20-22','Sí','Mujer',76,76,'Intento encontrar un balance','Prudente y moderado','Sí'),
	 (77,'20-22','Sí','Hombre',77,77,'Privacidad','Vigilante y activo','Sí'),
	 (78,'20-22','Sí','Hombre',78,78,'Eficiencia','Prudente y moderado','Sí'),
	 (79,'23-25','Sí','Hombre',79,79,'Eficiencia','Indiferente','Sí'),
	 (80,'23-25','Sí','Hombre',80,80,'Intento encontrar un balance','Prudente y moderado','Sí');
INSERT INTO encuestado (id_encuestado,edad,licenciatura,genero,id_dispositivos,id_frecuencia_uso,valoracion_priv_ef,actitud_ciberseg,compras_en_linea) VALUES
	 (81,'20-22','Sí','Mujer',81,81,'Privacidad','Vigilante y activo','Sí'),
	 (82,'20-22','Sí','Hombre',82,82,'Intento encontrar un balance','Prudente y moderado','Sí'),
	 (83,'23-25','Sí','Hombre',83,83,'Eficiencia','Indiferente','Sí'),
	 (84,'23-25','Sí','Hombre',84,84,'Eficiencia','Indiferente','Sí'),
	 (85,'20-22','Sí','Hombre',85,85,'Privacidad','Prudente y moderado','Sí'),
	 (86,'23-25','Sí','Hombre',86,86,'Intento encontrar un balance','Prudente y moderado','Sí'),
	 (87,'20-22','Sí','Hombre',87,87,'Privacidad','Vigilante y activo','Sí'),
	 (88,'20-22','Sí','Hombre',88,88,'Privacidad','Prudente y moderado','Sí'),
	 (89,'20-22','Sí','Hombre',89,89,'Privacidad','Prudente y moderado','Sí'),
	 (90,'20-22','Sí','Hombre',90,90,'Privacidad','Prudente y moderado','Sí');
INSERT INTO encuestado (id_encuestado,edad,licenciatura,genero,id_dispositivos,id_frecuencia_uso,valoracion_priv_ef,actitud_ciberseg,compras_en_linea) VALUES
	 (91,'20-22','Sí','Hombre',91,91,'Privacidad','Prudente y moderado','Sí'),
	 (92,'20-22','Sí','Hombre',92,92,'Intento encontrar un balance','Prudente y moderado','Sí'),
	 (93,'20-22','Sí','Hombre',93,93,'Intento encontrar un balance','Prudente y moderado','Sí'),
	 (94,'20-22','Sí','Mujer',94,94,'Intento encontrar un balance','Prudente y moderado','Sí'),
	 (95,'20-22','Sí','Hombre',95,95,'Eficiencia','Prudente y moderado','Sí'),
	 (96,'20-22','Sí','Mujer',96,96,'Intento encontrar un balance','Prudente y moderado','Sí'),
	 (97,'20-22','Sí','Hombre',97,97,'Privacidad','Prudente y moderado','Sí'),
	 (98,'20-22','No','Hombre',98,98,'Intento encontrar un balance','Prudente y moderado','Sí');
INSERT INTO seguridad (id_seguridad,id_encuestado,sentimiento_proteccion,conocimiento_ciberseg,conocimiento_vigilancia,conocimiento_leyes,id_informacion_sensible) VALUES
	 (1,1,'No','Sí','Sí','Sí',1),
	 (2,2,'Sí','Sí','Sí','Sí',2),
	 (3,3,'No','Sí','Sí','Sí',3),
	 (4,4,'No','Sí','Sí','Sí',4),
	 (5,5,'Sí','Sí','Sí','Sí',5),
	 (6,6,'No','Sí','No','Sí',6),
	 (7,7,'Sí','Sí','No','Sí',7),
	 (8,8,'Sí','Sí','No','Sí',8),
	 (9,9,'Sí','Sí','No','Sí',9),
	 (10,10,'Sí','Sí','No','Sí',10);
INSERT INTO seguridad (id_seguridad,id_encuestado,sentimiento_proteccion,conocimiento_ciberseg,conocimiento_vigilancia,conocimiento_leyes,id_informacion_sensible) VALUES
	 (11,11,'No','No','Sí','No',11),
	 (12,12,'No','Sí','Sí','Sí',12),
	 (13,13,'No','Sí','No','No',13),
	 (14,14,'No','Sí','No','Sí',14),
	 (15,15,'No','No','No','Sí',15),
	 (16,16,'No','No','No','No',16),
	 (17,17,'Sí','Sí','Sí','Sí',17),
	 (18,18,'Sí','Sí','No','Sí',18),
	 (19,19,'No','Sí','Sí','Sí',19),
	 (20,20,'No','Sí','Sí','Sí',20);
INSERT INTO seguridad (id_seguridad,id_encuestado,sentimiento_proteccion,conocimiento_ciberseg,conocimiento_vigilancia,conocimiento_leyes,id_informacion_sensible) VALUES
	 (21,21,'Sí','No','Sí','No',21),
	 (22,22,'No','Sí','Sí','Sí',22),
	 (23,23,'No','Sí','No','Sí',23),
	 (24,24,'No','Sí','No','Sí',24),
	 (25,25,'Sí','Sí','No','Sí',25),
	 (26,26,'No','No','No','Sí',26),
	 (27,27,'Sí','Sí','No','Sí',27),
	 (28,28,'Sí','Sí','No','Sí',28),
	 (29,29,'No','Sí','No','Sí',29),
	 (30,30,'Sí','Sí','Sí','Sí',30);
INSERT INTO seguridad (id_seguridad,id_encuestado,sentimiento_proteccion,conocimiento_ciberseg,conocimiento_vigilancia,conocimiento_leyes,id_informacion_sensible) VALUES
	 (31,31,'Sí','Sí','Sí','Sí',31),
	 (32,32,'No','Sí','No','Sí',32),
	 (33,33,'No','No','No','Sí',33),
	 (34,34,'No','No','No','No',34),
	 (35,35,'No','Sí','No','No',35),
	 (36,36,'Sí','No','No','Sí',36),
	 (37,37,'Sí','Sí','No','No',37),
	 (38,38,'Sí','Sí','Sí','Sí',38),
	 (39,39,'No','Sí','No','Sí',39),
	 (40,40,'No','Sí','Sí','Sí',40);
INSERT INTO seguridad (id_seguridad,id_encuestado,sentimiento_proteccion,conocimiento_ciberseg,conocimiento_vigilancia,conocimiento_leyes,id_informacion_sensible) VALUES
	 (41,41,'Sí','Sí','Sí','Sí',41),
	 (42,42,'No','Sí','Sí','Sí',42),
	 (43,43,'No','Sí','Sí','Sí',43),
	 (44,44,'No','Sí','Sí','Sí',44),
	 (45,45,'Sí','Sí','No','Sí',45),
	 (46,46,'No','Sí','No','Sí',46),
	 (47,47,'Sí','Sí','No','Sí',47),
	 (48,48,'No','Sí','No','Sí',48),
	 (49,49,'No','Sí','Sí','Sí',49),
	 (50,50,'Sí','Sí','Sí','Sí',50);
INSERT INTO seguridad (id_seguridad,id_encuestado,sentimiento_proteccion,conocimiento_ciberseg,conocimiento_vigilancia,conocimiento_leyes,id_informacion_sensible) VALUES
	 (51,51,'No','No','No','No',51),
	 (52,52,'No','Sí','No','Sí',52),
	 (53,53,'Sí','No','No','Sí',53),
	 (54,54,'Sí','No','No','No',54),
	 (55,55,'Sí','Sí','Sí','Sí',55),
	 (56,56,'Sí','Sí','No','Sí',56),
	 (57,57,'Sí','Sí','Sí','Sí',57),
	 (58,58,'Sí','No','No','Sí',58),
	 (59,59,'No','No','Sí','No',59),
	 (60,60,'No','No','No','Sí',60);
INSERT INTO seguridad (id_seguridad,id_encuestado,sentimiento_proteccion,conocimiento_ciberseg,conocimiento_vigilancia,conocimiento_leyes,id_informacion_sensible) VALUES
	 (61,61,'No','No','Sí','No',61),
	 (62,62,'No','Sí','No','Sí',62),
	 (63,63,'Sí','Sí','No','Sí',63),
	 (64,64,'No','No','Sí','No',64),
	 (65,65,'Sí','Sí','Sí','Sí',65),
	 (66,66,'No','No','No','No',66),
	 (67,67,'No','No','No','Sí',67),
	 (68,68,'No','Sí','No','Sí',68),
	 (69,69,'Sí','Sí','No','Sí',69),
	 (70,70,'No','Sí','Sí','Sí',70);
INSERT INTO seguridad (id_seguridad,id_encuestado,sentimiento_proteccion,conocimiento_ciberseg,conocimiento_vigilancia,conocimiento_leyes,id_informacion_sensible) VALUES
	 (71,71,'No','Sí','No','Sí',71),
	 (72,72,'No','No','No','No',72),
	 (73,73,'Sí','Sí','No','No',73),
	 (74,74,'No','Sí','Sí','Sí',74),
	 (75,75,'No','Sí','Sí','Sí',75),
	 (76,76,'Sí','Sí','Sí','Sí',76),
	 (77,77,'Sí','Sí','Sí','Sí',77),
	 (78,78,'Sí','No','No','Sí',78),
	 (79,79,'Sí','Sí','No','Sí',79),
	 (80,80,'No','Sí','No','No',80);
INSERT INTO seguridad (id_seguridad,id_encuestado,sentimiento_proteccion,conocimiento_ciberseg,conocimiento_vigilancia,conocimiento_leyes,id_informacion_sensible) VALUES
	 (81,81,'No','Sí','Sí','Sí',81),
	 (82,82,'Sí','Sí','Sí','No',82),
	 (83,83,'Sí','Sí','Sí','Sí',83),
	 (84,84,'Sí','Sí','Sí','Sí',84),
	 (85,85,'No','Sí','No','Sí',85),
	 (86,86,'Sí','Sí','Sí','Sí',86),
	 (87,87,'Sí','Sí','Sí','Sí',87),
	 (88,88,'Sí','Sí','Sí','Sí',88),
	 (89,89,'No','Sí','Sí','Sí',89),
	 (90,90,'No','Sí','No','Sí',90);
INSERT INTO seguridad (id_seguridad,id_encuestado,sentimiento_proteccion,conocimiento_ciberseg,conocimiento_vigilancia,conocimiento_leyes,id_informacion_sensible) VALUES
	 (91,91,'No','Sí','Sí','Sí',91),
	 (92,92,'Sí','Sí','No','Sí',92),
	 (93,93,'Sí','Sí','Sí','Sí',93),
	 (94,94,'No','No','No','No',94),
	 (95,95,'Sí','No','No','Sí',95),
	 (96,96,'No','Sí','Sí','Sí',96),
	 (97,97,'No','Sí','No','No',97),
	 (98,98,'No','No','No','No',98);
INSERT INTO conclusion (id_conclusion,id_encuestado,actitud_ciberseg,vigilancia,aprender_ciberseg) VALUES
	 (1,1,'Prudente y moderado','Sí','Sí'),
	 (2,2,'Prudente y moderado','Sí','Sí'),
	 (3,3,'Vigilante y activo','Sí','Sí'),
	 (4,4,'Vigilante y activo','Sí','Sí'),
	 (5,5,'Prudente y moderado','Sí','Sí'),
	 (6,6,'Prudente y moderado','No','Me es indiferente'),
	 (7,7,'Prudente y moderado','Sí','Sí'),
	 (8,8,'Vigilante y activo','Sí','Sí'),
	 (9,9,'Prudente y moderado','Sí','Sí'),
	 (10,10,'Prudente y moderado','Sí','Sí');
INSERT INTO conclusion (id_conclusion,id_encuestado,actitud_ciberseg,vigilancia,aprender_ciberseg) VALUES
	 (11,11,'Prudente y moderado','Sí','Sí'),
	 (12,12,'Indiferente','Sí','Sí'),
	 (13,13,'Indiferente','Me es indiferente','Sí'),
	 (14,14,'Indiferente','Me es indiferente','Sí'),
	 (15,15,'Prudente y moderado','Sí','Sí'),
	 (16,16,'Prudente y moderado','Sí','Sí'),
	 (17,17,'Prudente y moderado','Me es indiferente','Me es indiferente'),
	 (18,18,'Prudente y moderado','Sí','Sí'),
	 (19,19,'Prudente y moderado','Sí','No'),
	 (20,20,'Prudente y moderado','Sí','Sí');
INSERT INTO conclusion (id_conclusion,id_encuestado,actitud_ciberseg,vigilancia,aprender_ciberseg) VALUES
	 (21,21,'Indiferente','Sí','Sí'),
	 (22,22,'Indiferente','Sí','Sí'),
	 (23,23,'Prudente y moderado','Sí','Sí'),
	 (24,24,'Prudente y moderado','No','Sí'),
	 (25,25,'Prudente y moderado','Sí','Sí'),
	 (26,26,'Prudente y moderado','Sí','Sí'),
	 (27,27,'Prudente y moderado','Sí','Sí'),
	 (28,28,'Vigilante y activo','No','No'),
	 (29,29,'Prudente y moderado','Sí','Sí'),
	 (30,30,'Prudente y moderado','Me es indiferente','Sí');
INSERT INTO conclusion (id_conclusion,id_encuestado,actitud_ciberseg,vigilancia,aprender_ciberseg) VALUES
	 (31,31,'Prudente y moderado','Sí','No'),
	 (32,32,'Indiferente','Sí','Me es indiferente'),
	 (33,33,'Prudente y moderado','Me es indiferente','Sí'),
	 (34,34,'Indiferente','Sí','Sí'),
	 (35,35,'Vigilante y activo','Sí','Sí'),
	 (36,36,'Prudente y moderado','Sí','Sí'),
	 (37,37,'Prudente y moderado','Sí','Me es indiferente'),
	 (38,38,'Prudente y moderado','Me es indiferente','Sí'),
	 (39,39,'Vigilante y activo','Sí','Sí'),
	 (40,40,'Prudente y moderado','Me es indiferente','Sí');
INSERT INTO conclusion (id_conclusion,id_encuestado,actitud_ciberseg,vigilancia,aprender_ciberseg) VALUES
	 (41,41,'Prudente y moderado','Sí','Sí'),
	 (42,42,'Vigilante y activo','Sí','Sí'),
	 (43,43,'Vigilante y activo','Me es indiferente','Sí'),
	 (44,44,'Prudente y moderado','Sí','Sí'),
	 (45,45,'Prudente y moderado','Me es indiferente','Me es indiferente'),
	 (46,46,'Prudente y moderado','Sí','Sí'),
	 (47,47,'Prudente y moderado','Me es indiferente','Sí'),
	 (48,48,'Prudente y moderado','Sí','Sí'),
	 (49,49,'Vigilante y activo','Sí','Sí'),
	 (50,50,'Prudente y moderado','Sí','Sí');
INSERT INTO conclusion (id_conclusion,id_encuestado,actitud_ciberseg,vigilancia,aprender_ciberseg) VALUES
	 (51,51,'Indiferente','Sí','Sí'),
	 (52,52,'Prudente y moderado','Me es indiferente','Me es indiferente'),
	 (53,53,'Indiferente','Sí','Me es indiferente'),
	 (54,54,'Indiferente','Sí','Sí'),
	 (55,55,'Indiferente','Sí','Sí'),
	 (56,56,'Prudente y moderado','Sí','Sí'),
	 (57,57,'Prudente y moderado','Sí','Sí'),
	 (58,58,'Prudente y moderado','Me es indiferente','Sí'),
	 (59,59,'Prudente y moderado','Sí','Sí'),
	 (60,60,'Prudente y moderado','Sí','Sí');
INSERT INTO conclusion (id_conclusion,id_encuestado,actitud_ciberseg,vigilancia,aprender_ciberseg) VALUES
	 (61,61,'Prudente y moderado','Sí','No'),
	 (62,62,'Prudente y moderado','Sí','No'),
	 (63,63,'Prudente y moderado','Me es indiferente','Me es indiferente'),
	 (64,64,'Prudente y moderado','No','Sí'),
	 (65,65,'Vigilante y activo','Sí','Sí'),
	 (66,66,'Indiferente','Sí','Sí'),
	 (67,67,'Prudente y moderado','Sí','Sí'),
	 (68,68,'Indiferente','Me es indiferente','Sí'),
	 (69,69,'Prudente y moderado','Sí','Sí'),
	 (70,70,'Prudente y moderado','Sí','Sí');
INSERT INTO conclusion (id_conclusion,id_encuestado,actitud_ciberseg,vigilancia,aprender_ciberseg) VALUES
	 (71,71,'Vigilante y activo','Sí','Sí'),
	 (72,72,'Prudente y moderado','Sí','Sí'),
	 (73,73,'Prudente y moderado','Sí','Sí'),
	 (74,74,'Prudente y moderado','Sí','Sí'),
	 (75,75,'Prudente y moderado','Sí','Me es indiferente'),
	 (76,76,'Vigilante y activo','Sí','Sí'),
	 (77,77,'Vigilante y activo','Sí','Sí'),
	 (78,78,'Prudente y moderado','Me es indiferente','Sí'),
	 (79,79,'Indiferente','Me es indiferente','Sí'),
	 (80,80,'Prudente y moderado','Sí','Sí');
INSERT INTO conclusion (id_conclusion,id_encuestado,actitud_ciberseg,vigilancia,aprender_ciberseg) VALUES
	 (81,81,'Vigilante y activo','Sí','Sí'),
	 (82,82,'Prudente y moderado','Me es indiferente','Sí'),
	 (83,83,'Indiferente','No','No'),
	 (84,84,'Indiferente','Me es indiferente','Me es indiferente'),
	 (85,85,'Prudente y moderado','Sí','Sí'),
	 (86,86,'Prudente y moderado','Sí','Me es indiferente'),
	 (87,87,'Vigilante y activo','Sí','Sí'),
	 (88,88,'Vigilante y activo','Sí','Sí'),
	 (89,89,'Prudente y moderado','Sí','Sí'),
	 (90,90,'Vigilante y activo','Sí','Sí');
INSERT INTO conclusion (id_conclusion,id_encuestado,actitud_ciberseg,vigilancia,aprender_ciberseg) VALUES
	 (91,91,'Prudente y moderado','Sí','Sí'),
	 (92,92,'Prudente y moderado','Sí','Sí'),
	 (93,93,'Prudente y moderado','Me es indiferente','Sí'),
	 (94,94,'Prudente y moderado','Sí','Sí'),
	 (95,95,'Prudente y moderado','No','Sí'),
	 (96,96,'Prudente y moderado','Sí','Sí'),
	 (97,97,'Prudente y moderado','Sí','Sí'),
	 (98,98,'Prudente y moderado','Sí','Sí');
INSERT INTO compras_online (id_compras_online,id_encuestado,id_tipo_compras,compras_uso,frecuencia_compras,id_forma_pago,id_confianza_paginas,mayor_miedo,publicidad_personalizada) VALUES
	 (1,1,1,'','De 2 a 3 veces a la semana',1,1,'Robo de información bancaria','Personalizada'),
	 (2,2,2,'','De 2 a 3 veces a la semana',2,2,'Mala calidad de los productos','Aleatoria'),
	 (3,3,3,'','Una vez al mes',3,3,'Robo de información bancaria','Personalizada'),
	 (4,4,4,'','De 2 a 3 veces a la semana',4,4,'Mala calidad de los productos','Aleatoria'),
	 (5,5,5,'','Una vez al mes',5,5,'Mala calidad de los productos','Aleatoria'),
	 (6,6,6,'','Una vez a la semana',6,6,'Que sea una estafa y nunca llegue nada','Personalizada'),
	 (7,7,7,'','Una vez a la semana',7,7,'Que sea una estafa y nunca llegue nada','No tengo una opinión clara al respecto.'),
	 (8,8,8,'','Más de 4 veces a la semana',8,8,'No estar en mi casa cuando llegue','Aleatoria'),
	 (9,9,9,'','Una vez a la semana',9,9,'Que sea una estafa y nunca llegue nada','No tengo una opinión clara al respecto.'),
	 (10,10,10,'','Una vez al mes',10,10,'Que sea una estafa y nunca llegue nada','Personalizada');
INSERT INTO compras_online (id_compras_online,id_encuestado,id_tipo_compras,compras_uso,frecuencia_compras,id_forma_pago,id_confianza_paginas,mayor_miedo,publicidad_personalizada) VALUES
	 (11,11,11,'','',11,11,'',''),
	 (12,12,12,'','Una vez al mes',12,12,'Robo de información bancaria','Aleatoria'),
	 (13,13,13,'','Una vez a la semana',13,13,'Que sea una estafa y nunca llegue nada','No tengo una opinión clara al respecto.'),
	 (14,14,14,'','',14,14,'',''),
	 (15,15,15,'','Una vez a la semana',15,15,'Mala calidad de los productos','No tengo una opinión clara al respecto.'),
	 (16,16,16,'','Una vez al mes',16,16,'Que sea una estafa y nunca llegue nada','Aleatoria'),
	 (17,17,17,'','Una vez a la semana',17,17,'Robo de información bancaria','No tengo una opinión clara al respecto.'),
	 (18,18,18,'','Una vez al mes',18,18,'Que sea una estafa y nunca llegue nada','No tengo una opinión clara al respecto.'),
	 (19,19,19,'','Una vez a la semana',19,19,'Que sea una estafa y nunca llegue nada','No tengo una opinión clara al respecto.'),
	 (20,20,20,'','Una vez a la semana',20,20,'Robo de información bancaria','No tengo una opinión clara al respecto.');
INSERT INTO compras_online (id_compras_online,id_encuestado,id_tipo_compras,compras_uso,frecuencia_compras,id_forma_pago,id_confianza_paginas,mayor_miedo,publicidad_personalizada) VALUES
	 (21,21,21,'','Una vez al mes',21,21,'Robo de información bancaria','No tengo una opinión clara al respecto.'),
	 (22,22,22,'','Una vez al mes',22,22,'Que sea una estafa y nunca llegue nada','No tengo una opinión clara al respecto.'),
	 (23,23,23,'','Una vez al mes',23,23,'Robo de información bancaria','Personalizada'),
	 (24,24,24,'','Una vez al mes',24,24,'Que sea una estafa y nunca llegue nada','Personalizada'),
	 (25,25,25,'','Una vez al mes',25,25,'Que sea una estafa y nunca llegue nada','No tengo una opinión clara al respecto.'),
	 (26,26,26,'','Una vez a la semana',26,26,'Robo de información bancaria','No tengo una opinión clara al respecto.'),
	 (27,27,27,'','De 2 a 3 veces a la semana',27,27,'Que sea una estafa y nunca llegue nada','No tengo una opinión clara al respecto.'),
	 (28,28,28,'','Una vez al mes',28,28,'Mala calidad de los productos','Personalizada'),
	 (29,29,29,'','Una vez al mes',29,29,'Robo de información bancaria','Aleatoria'),
	 (30,30,30,'','Una vez al mes',30,30,'Mala calidad de los productos','Personalizada');
INSERT INTO compras_online (id_compras_online,id_encuestado,id_tipo_compras,compras_uso,frecuencia_compras,id_forma_pago,id_confianza_paginas,mayor_miedo,publicidad_personalizada) VALUES
	 (31,31,31,'','Una vez a la semana',31,31,'Robo de información bancaria','Aleatoria'),
	 (32,32,32,'','Una vez al mes',32,32,'Mala calidad de los productos','Personalizada'),
	 (33,33,33,'','Una vez al mes',33,33,'Robo de información bancaria','Personalizada'),
	 (34,34,34,'','Una vez al mes',34,34,'Robo de información bancaria','Aleatoria'),
	 (35,35,35,'','Una vez al mes',35,35,'Robo de información bancaria','No tengo una opinión clara al respecto.'),
	 (36,36,36,'','Una vez al mes',36,36,'Que sea una estafa y nunca llegue nada','Aleatoria'),
	 (37,37,37,'','Una vez al mes',37,37,'Que sea una estafa y nunca llegue nada','Aleatoria'),
	 (38,38,38,'','Una vez a la semana',38,38,'Mala calidad de los productos','No tengo una opinión clara al respecto.'),
	 (39,39,39,'','Una vez al mes',39,39,'Que sea una estafa y nunca llegue nada','No tengo una opinión clara al respecto.'),
	 (40,40,40,'','Una vez al mes',40,40,'Robo de información bancaria','Aleatoria');
INSERT INTO compras_online (id_compras_online,id_encuestado,id_tipo_compras,compras_uso,frecuencia_compras,id_forma_pago,id_confianza_paginas,mayor_miedo,publicidad_personalizada) VALUES
	 (41,41,41,'','Una vez al mes',41,41,'Robo de información bancaria','Aleatoria'),
	 (42,42,42,'','Nunca',42,42,'Mala calidad de los productos','No tengo una opinión clara al respecto.'),
	 (43,43,43,'','Una vez al mes',43,43,'No estar en mi casa cuando llegue','Personalizada'),
	 (44,44,44,'','Una vez al mes',44,44,'Robo de información bancaria','No tengo una opinión clara al respecto.'),
	 (45,45,45,'','Una vez al mes',45,45,'Robo de información bancaria','No tengo una opinión clara al respecto.'),
	 (46,46,46,'','Una vez al mes',46,46,'Robo de información bancaria','Aleatoria'),
	 (47,47,47,'','De 2 a 3 veces a la semana',47,47,'Robo de información bancaria','No tengo una opinión clara al respecto.'),
	 (48,48,48,'','Una vez al mes',48,48,'Que sea una estafa y nunca llegue nada','No tengo una opinión clara al respecto.'),
	 (49,49,49,'','Una vez al mes',49,49,'Robo de información bancaria','Aleatoria'),
	 (50,50,50,'','Una vez al mes',50,50,'Robo de información bancaria','Personalizada');
INSERT INTO compras_online (id_compras_online,id_encuestado,id_tipo_compras,compras_uso,frecuencia_compras,id_forma_pago,id_confianza_paginas,mayor_miedo,publicidad_personalizada) VALUES
	 (51,51,51,'','Una vez al mes',51,51,'Robo de información bancaria','Aleatoria'),
	 (52,52,52,'','Una vez a la semana',52,52,'Que sea una estafa y nunca llegue nada','Personalizada'),
	 (53,53,53,'','Una vez al mes',53,53,'Que sea una estafa y nunca llegue nada','No tengo una opinión clara al respecto.'),
	 (54,54,54,'','Una vez al mes',54,54,'Que sea una estafa y nunca llegue nada','Personalizada'),
	 (55,55,55,'','Una vez al mes',55,55,'Que sea una estafa y nunca llegue nada','Personalizada'),
	 (56,56,56,'','Una vez al mes',56,56,'Que sea una estafa y nunca llegue nada','Aleatoria'),
	 (57,57,57,'','De 2 a 3 veces a la semana',57,57,'Mala calidad de los productos','No tengo una opinión clara al respecto.'),
	 (58,58,58,'','Una vez al mes',58,58,'Robo de información bancaria','Personalizada'),
	 (59,59,59,'','Una vez al mes',59,59,'Mala calidad de los productos','No tengo una opinión clara al respecto.'),
	 (60,60,60,'','Una vez al mes',60,60,'Que sea una estafa y nunca llegue nada','No tengo una opinión clara al respecto.');
INSERT INTO compras_online (id_compras_online,id_encuestado,id_tipo_compras,compras_uso,frecuencia_compras,id_forma_pago,id_confianza_paginas,mayor_miedo,publicidad_personalizada) VALUES
	 (61,61,61,'','Una vez al mes',61,61,'Que sea una estafa y nunca llegue nada','No tengo una opinión clara al respecto.'),
	 (62,62,62,'','Una vez al mes',62,62,'Robo de información bancaria','No tengo una opinión clara al respecto.'),
	 (63,63,63,'','Una vez a la semana',63,63,'Mala calidad de los productos','Personalizada'),
	 (64,64,64,'','Una vez al mes',64,64,'Mala calidad de los productos','Aleatoria'),
	 (65,65,65,'','Una vez al mes',65,65,'Robo de información bancaria','Aleatoria'),
	 (66,66,66,'','Una vez al mes',66,66,'Que sea una estafa y nunca llegue nada','Personalizada'),
	 (67,67,67,'','Una vez al mes',67,67,'Robo de información bancaria','No tengo una opinión clara al respecto.'),
	 (68,68,68,'','Una vez al mes',68,68,'Robo de información bancaria','Personalizada'),
	 (69,69,69,'','Una vez a la semana',69,69,'Robo de información bancaria','Personalizada'),
	 (70,70,70,'','Una vez al mes',70,70,'Que sea una estafa y nunca llegue nada','Personalizada');
INSERT INTO compras_online (id_compras_online,id_encuestado,id_tipo_compras,compras_uso,frecuencia_compras,id_forma_pago,id_confianza_paginas,mayor_miedo,publicidad_personalizada) VALUES
	 (71,71,71,'','Una vez al mes',71,71,'Robo de información bancaria','Personalizada'),
	 (72,72,72,'','Una vez al mes',72,72,'Que sea una estafa y nunca llegue nada','No tengo una opinión clara al respecto.'),
	 (73,73,73,'','Una vez al mes',73,73,'Que sea una estafa y nunca llegue nada','Personalizada'),
	 (74,74,74,'','Una vez al mes',74,74,'Robo de información bancaria','Aleatoria'),
	 (75,75,75,'','Una vez a la semana',75,75,'Robo de información bancaria','No tengo una opinión clara al respecto.'),
	 (76,76,76,'','Una vez a la semana',76,76,'Que sea una estafa y nunca llegue nada','Personalizada'),
	 (77,77,77,'','Una vez al mes',77,77,'Que sea una estafa y nunca llegue nada','Aleatoria'),
	 (78,78,78,'','Una vez a la semana',78,78,'Mala calidad de los productos','Personalizada'),
	 (79,79,79,'','De 2 a 3 veces a la semana',79,79,'Mala calidad de los productos','Personalizada'),
	 (80,80,80,'','Una vez a la semana',80,80,'No estar en mi casa cuando llegue','Aleatoria');
INSERT INTO compras_online (id_compras_online,id_encuestado,id_tipo_compras,compras_uso,frecuencia_compras,id_forma_pago,id_confianza_paginas,mayor_miedo,publicidad_personalizada) VALUES
	 (81,81,81,'','Una vez al mes',81,81,'Que sea una estafa y nunca llegue nada','Aleatoria'),
	 (82,82,82,'','Una vez a la semana',82,82,'Robo de información bancaria','Personalizada'),
	 (83,83,83,'','Una vez a la semana',83,83,'Que sea una estafa y nunca llegue nada','Personalizada'),
	 (84,84,84,'','Una vez al mes',84,84,'Mala calidad de los productos','No tengo una opinión clara al respecto.'),
	 (85,85,85,'','Una vez al mes',85,85,'Que sea una estafa y nunca llegue nada','Personalizada'),
	 (86,86,86,'','Una vez al mes',86,86,'Robo de información bancaria','No tengo una opinión clara al respecto.'),
	 (87,87,87,'','Una vez al mes',87,87,'Que sea una estafa y nunca llegue nada','Aleatoria'),
	 (88,88,88,'','Una vez al mes',88,88,'Mala calidad de los productos','Aleatoria'),
	 (89,89,89,'','Una vez al mes',89,89,'Robo de información bancaria','Aleatoria'),
	 (90,90,90,'','Una vez al mes',90,90,'Robo de información bancaria','No tengo una opinión clara al respecto.');
INSERT INTO compras_online (id_compras_online,id_encuestado,id_tipo_compras,compras_uso,frecuencia_compras,id_forma_pago,id_confianza_paginas,mayor_miedo,publicidad_personalizada) VALUES
	 (91,91,91,'','Una vez al mes',91,91,'Que sea una estafa y nunca llegue nada','No tengo una opinión clara al respecto.'),
	 (92,92,92,'','Una vez al mes',92,92,'Que sea una estafa y nunca llegue nada','No tengo una opinión clara al respecto.'),
	 (93,93,93,'','Una vez al mes',93,93,'Robo de información bancaria','No tengo una opinión clara al respecto.'),
	 (94,94,94,'','Una vez al mes',94,94,'Que sea una estafa y nunca llegue nada','Aleatoria'),
	 (95,95,95,'','Más de 4 veces a la semana',95,95,'Mala calidad de los productos','Personalizada'),
	 (96,96,96,'','Una vez al mes',96,96,'Robo de información bancaria','Aleatoria'),
	 (97,97,97,'','Una vez al mes',97,97,'Robo de información bancaria','Aleatoria'),
	 (98,98,98,'','Una vez al mes',98,98,'Robo de información bancaria','No tengo una opinión clara al respecto.');
INSERT INTO redes_sociales (id_red_social,id_encuestado,id_redes_uso,tiempo_redes,razon_uso,id_contenido_compartido,perfiles_publicos,interaccion_desconocidos,acceso_desconocidos,herramientas_privacidad,servicios_personalizados,contenido_sin_vigilancia,contenido_observado,id_sentimientos_post_uso,impacto_redes_vida,id_uso_stalkeo,comparacion_redes) VALUES
	 (1,1,1,'3 horas - 5 horas','Entretenimiento',1,'Sí','No','Sí','No','Depende de mi estado de ánimo al momento','Ni de acuerdo ni desacuerdo','Sí',1,'Indistinto.',1,'Una herramienta'),
	 (2,2,2,'Mayor a 8 horas','Trabajo',2,'No','No','Sí','Sí','Busco el contenido que me interesa','Ni de acuerdo ni desacuerdo','No',2,'Negativo. Empeoran mi vida.',2,'Una herramienta'),
	 (3,3,3,'5 horas - 7 horas','Entretenimiento',3,'No','No','Sí','Sí','Dejo que las sugerencias me guíen','Ni de acuerdo ni desacuerdo','Sí',3,'Negativo. Empeoran mi vida.',3,'Un arma'),
	 (4,4,4,'1 hora-3 horas','Entretenimiento',4,'No','No','Sí','Sí','Dejo que las sugerencias me guíen','En desacuerdo','Sí',4,'Negativo. Empeoran mi vida.',4,'Una herramienta'),
	 (5,5,5,'Menos de 1 hora','Entretenimiento',5,'No','No','Sí','No','Busco el contenido que me interesa','Ni de acuerdo ni desacuerdo','Sí',5,'Indistinto.',5,'Una herramienta'),
	 (6,6,6,'3 horas - 5 horas','Socialización',6,'Sí','Sí','No','No','Busco el contenido que me interesa','De acuerdo','Sí',6,'Indistinto.',6,'Una herramienta'),
	 (7,7,7,'1 hora-3 horas','Socialización',7,'Sí','No','Sí','Sí','Depende de mi estado de ánimo al momento','De acuerdo','Sí',7,'Indistinto.',7,'Una herramienta'),
	 (8,8,8,'1 hora-3 horas','Entretenimiento',8,'Sí','No','No','Sí','Depende de mi estado de ánimo al momento','Ni de acuerdo ni desacuerdo','Sí',8,'Negativo. Empeoran mi vida.',8,'Una herramienta'),
	 (9,9,9,'3 horas - 5 horas','Entretenimiento',9,'No','No','No','Sí','Depende de mi estado de ánimo al momento','De acuerdo','Sí',9,'Indistinto.',9,'Una herramienta'),
	 (10,10,10,'3 horas - 5 horas','Entretenimiento',10,'Sí','No','Sí','Sí','Depende de mi estado de ánimo al momento','Ni de acuerdo ni desacuerdo','Sí',10,'Indistinto.',10,'Un juguete');
INSERT INTO redes_sociales (id_red_social,id_encuestado,id_redes_uso,tiempo_redes,razon_uso,id_contenido_compartido,perfiles_publicos,interaccion_desconocidos,acceso_desconocidos,herramientas_privacidad,servicios_personalizados,contenido_sin_vigilancia,contenido_observado,id_sentimientos_post_uso,impacto_redes_vida,id_uso_stalkeo,comparacion_redes) VALUES
	 (11,11,11,'5 horas - 7 horas','Socialización',11,'Sí','Sí','Sí','No','Busco el contenido que me interesa','En desacuerdo','Sí',11,'Negativo. Empeoran mi vida.',11,'Un arma'),
	 (12,12,12,'3 horas - 5 horas','Entretenimiento',12,'No','No','No','No','Busco el contenido que me interesa','De acuerdo','Sí',12,'Indistinto.',12,'Una herramienta'),
	 (13,13,13,'1 hora-3 horas','Para llenar mis vacíos existenciales',13,'Sí','Sí','No','No','Depende de mi estado de ánimo al momento','En desacuerdo','Sí',13,'Negativo. Empeoran mi vida.',13,'Un arma'),
	 (14,14,14,'3 horas - 5 horas','Entretenimiento',14,'No','No','No','No','Busco el contenido que me interesa','Ni de acuerdo ni desacuerdo','Sí',14,'Indistinto.',14,'Una herramienta'),
	 (15,15,15,'1 hora-3 horas','Socialización',15,'No','No','Sí','Sí','Dejo que las sugerencias me guíen','De acuerdo','Sí',15,'Indistinto.',15,'Una herramienta'),
	 (16,16,16,'3 horas - 5 horas','Entretenimiento',16,'Sí','No','Sí','No','Depende de mi estado de ánimo al momento','En desacuerdo','Sí',16,'Negativo. Empeoran mi vida.',16,'Un juguete'),
	 (17,17,17,'1 hora-3 horas','Entretenimiento',17,'No','No','Sí','Sí','Busco el contenido que me interesa','De acuerdo','Sí',17,'Positivo. Mejoran mi vida.',17,'Una herramienta'),
	 (18,18,18,'1 hora-3 horas','Socialización',18,'Sí','No','Sí','No','Depende de mi estado de ánimo al momento','Ni de acuerdo ni desacuerdo','Sí',18,'Positivo. Mejoran mi vida.',18,'Una herramienta'),
	 (19,19,19,'1 hora-3 horas','Entretenimiento',19,'No','No','No','No','Dejo que las sugerencias me guíen','Ni de acuerdo ni desacuerdo','Sí',19,'Indistinto.',19,'Una herramienta'),
	 (20,20,20,'5 horas - 7 horas','Entretenimiento',20,'Sí','Sí','No','Sí','Depende de mi estado de ánimo al momento','En desacuerdo','Sí',20,'Positivo. Mejoran mi vida.',20,'Una herramienta');
INSERT INTO redes_sociales (id_red_social,id_encuestado,id_redes_uso,tiempo_redes,razon_uso,id_contenido_compartido,perfiles_publicos,interaccion_desconocidos,acceso_desconocidos,herramientas_privacidad,servicios_personalizados,contenido_sin_vigilancia,contenido_observado,id_sentimientos_post_uso,impacto_redes_vida,id_uso_stalkeo,comparacion_redes) VALUES
	 (21,21,21,'1 hora-3 horas','Entretenimiento',21,'No','No','Sí','No','Busco el contenido que me interesa','Ni de acuerdo ni desacuerdo','Sí',21,'Indistinto.',21,'Un juguete'),
	 (22,22,22,'1 hora-3 horas','Trabajo',22,'No','No','Sí','Sí','Busco el contenido que me interesa','De acuerdo','No',22,'Negativo. Empeoran mi vida.',22,'Un juguete'),
	 (23,23,23,'1 hora-3 horas','Entretenimiento',23,'No','No','Sí','Sí','Depende de mi estado de ánimo al momento','Ni de acuerdo ni desacuerdo','Sí',23,'Positivo. Mejoran mi vida.',23,'Una herramienta'),
	 (24,24,24,'5 horas - 7 horas','Socialización',24,'No','No','Sí','No','Dejo que las sugerencias me guíen','De acuerdo','Sí',24,'Indistinto.',24,'Una herramienta'),
	 (25,25,25,'3 horas - 5 horas','Socialización',25,'Sí','Sí','No','No','Busco el contenido que me interesa','Ni de acuerdo ni desacuerdo','Sí',25,'Indistinto.',25,'Otro'),
	 (26,26,26,'Menos de 1 hora','Entretenimiento',26,'No','Sí','Sí','No','Busco el contenido que me interesa','Ni de acuerdo ni desacuerdo','Sí',26,'Indistinto.',26,'Una herramienta'),
	 (27,27,27,'3 horas - 5 horas','Entretenimiento',27,'No','No','Sí','Sí','Depende de mi estado de ánimo al momento','Ni de acuerdo ni desacuerdo','Sí',27,'Indistinto.',27,'Un juguete'),
	 (28,28,28,'1 hora-3 horas','Entretenimiento',28,'Sí','No','No','Sí','Busco el contenido que me interesa','De acuerdo','No',28,'Positivo. Mejoran mi vida.',28,'Una herramienta'),
	 (29,29,29,'1 hora-3 horas','Socialización',29,'No','No','Sí','No','Depende de mi estado de ánimo al momento','Ni de acuerdo ni desacuerdo','Sí',29,'Indistinto.',29,'Una herramienta'),
	 (30,30,30,'1 hora-3 horas','Socialización',30,'No','No','No','Sí','Busco el contenido que me interesa','De acuerdo','No',30,'Negativo. Empeoran mi vida.',30,'Un arma');
INSERT INTO redes_sociales (id_red_social,id_encuestado,id_redes_uso,tiempo_redes,razon_uso,id_contenido_compartido,perfiles_publicos,interaccion_desconocidos,acceso_desconocidos,herramientas_privacidad,servicios_personalizados,contenido_sin_vigilancia,contenido_observado,id_sentimientos_post_uso,impacto_redes_vida,id_uso_stalkeo,comparacion_redes) VALUES
	 (31,31,31,'3 horas - 5 horas','Entretenimiento',31,'No','No','Sí','Sí','Busco el contenido que me interesa','Ni de acuerdo ni desacuerdo','Sí',31,'Indistinto.',31,'Una herramienta'),
	 (32,32,32,'3 horas - 5 horas','Entretenimiento',32,'No','Sí','Sí','Sí','Dejo que las sugerencias me guíen','Ni de acuerdo ni desacuerdo','Sí',32,'Negativo. Empeoran mi vida.',32,'Un juguete'),
	 (33,33,33,'3 horas - 5 horas','Entretenimiento',33,'Sí','No','No','No','Busco el contenido que me interesa','De acuerdo','Sí',33,'Indistinto.',33,'Una herramienta'),
	 (34,34,34,'1 hora-3 horas','Entretenimiento',34,'No','No','Sí','Sí','Dejo que las sugerencias me guíen','En desacuerdo','Sí',34,'Negativo. Empeoran mi vida.',34,'Un arma'),
	 (35,35,35,'3 horas - 5 horas','Socialización',35,'Sí','No','Sí','No','Depende de mi estado de ánimo al momento','Ni de acuerdo ni desacuerdo','Sí',35,'Indistinto.',35,'Otro'),
	 (36,36,36,'3 horas - 5 horas','Socialización',36,'No','No','Sí','Sí','Busco el contenido que me interesa','De acuerdo','Sí',36,'Positivo. Mejoran mi vida.',36,'Una herramienta'),
	 (37,37,37,'5 horas - 7 horas','Entretenimiento',37,'No','No','Sí','No','Depende de mi estado de ánimo al momento','Ni de acuerdo ni desacuerdo','Sí',37,'Positivo. Mejoran mi vida.',37,'Una herramienta'),
	 (38,38,38,'1 hora-3 horas','Entretenimiento',38,'No','No','Sí','Sí','Busco el contenido que me interesa','Ni de acuerdo ni desacuerdo','Sí',38,'Indistinto.',38,'Otro'),
	 (39,39,39,'3 horas - 5 horas','Entretenimiento',39,'No','No','Sí','No','Busco el contenido que me interesa','En desacuerdo','Sí',39,'Indistinto.',39,'Un arma'),
	 (40,40,40,'1 hora-3 horas','Socialización',40,'No','No','Sí','Sí','Depende de mi estado de ánimo al momento','Ni de acuerdo ni desacuerdo','Sí',40,'Indistinto.',40,'Una herramienta');
INSERT INTO redes_sociales (id_red_social,id_encuestado,id_redes_uso,tiempo_redes,razon_uso,id_contenido_compartido,perfiles_publicos,interaccion_desconocidos,acceso_desconocidos,herramientas_privacidad,servicios_personalizados,contenido_sin_vigilancia,contenido_observado,id_sentimientos_post_uso,impacto_redes_vida,id_uso_stalkeo,comparacion_redes) VALUES
	 (41,41,41,'1 hora-3 horas','Entretenimiento',41,'No','Sí','Sí','Sí','Depende de mi estado de ánimo al momento','De acuerdo','Sí',41,'Indistinto.',41,'Una herramienta'),
	 (42,42,42,'3 horas - 5 horas','Entretenimiento',42,'Sí','Sí','Sí','No','Depende de mi estado de ánimo al momento','Ni de acuerdo ni desacuerdo','Sí',42,'Positivo. Mejoran mi vida.',42,'Un arma'),
	 (43,43,43,'3 horas - 5 horas','Entretenimiento',43,'No','Sí','No','Sí','Busco el contenido que me interesa','Ni de acuerdo ni desacuerdo','Sí',43,'Positivo. Mejoran mi vida.',43,'Una herramienta'),
	 (44,44,44,'1 hora-3 horas','Entretenimiento',44,'No','Sí','Sí','Sí','Depende de mi estado de ánimo al momento','De acuerdo','Sí',44,'Indistinto.',44,'Una herramienta'),
	 (45,45,45,'5 horas - 7 horas','Estudios',45,'No','No','Sí','Sí','Depende de mi estado de ánimo al momento','Ni de acuerdo ni desacuerdo','No',45,'Indistinto.',45,'Otro'),
	 (46,46,46,'1 hora-3 horas','Las 3 anteriores',46,'No','No','Sí','No','Busco el contenido que me interesa','En desacuerdo','Sí',46,'Indistinto.',46,'Una herramienta'),
	 (47,47,47,'1 hora-3 horas','Socialización',47,'No','No','Sí','Sí','Busco el contenido que me interesa','De acuerdo','Sí',47,'Indistinto.',47,'Una herramienta'),
	 (48,48,48,'3 horas - 5 horas','Entretenimiento',48,'No','No','Sí','No','Dejo que las sugerencias me guíen','Ni de acuerdo ni desacuerdo','Sí',48,'Indistinto.',48,'Otro'),
	 (49,49,49,'1 hora-3 horas','Socialización',49,'No','No','Sí','Sí','Busco el contenido que me interesa','En desacuerdo','Sí',49,'Indistinto.',49,'Una herramienta'),
	 (50,50,50,'3 horas - 5 horas','Entretenimiento',50,'Sí','Sí','Sí','Sí','Busco el contenido que me interesa','Ni de acuerdo ni desacuerdo','Sí',50,'Positivo. Mejoran mi vida.',50,'Una herramienta');
INSERT INTO redes_sociales (id_red_social,id_encuestado,id_redes_uso,tiempo_redes,razon_uso,id_contenido_compartido,perfiles_publicos,interaccion_desconocidos,acceso_desconocidos,herramientas_privacidad,servicios_personalizados,contenido_sin_vigilancia,contenido_observado,id_sentimientos_post_uso,impacto_redes_vida,id_uso_stalkeo,comparacion_redes) VALUES
	 (51,51,51,'Mayor a 8 horas','Entretenimiento',51,'Sí','No','Sí','No','Busco el contenido que me interesa','En desacuerdo','Sí',51,'Indistinto.',51,'Otro'),
	 (52,52,52,'3 horas - 5 horas','Socialización',52,'Sí','No','No','No','Depende de mi estado de ánimo al momento','De acuerdo','Sí',52,'Indistinto.',52,'Una herramienta'),
	 (53,53,53,'3 horas - 5 horas','Trabajo',53,'Sí','Sí','No','Sí','Busco el contenido que me interesa','Ni de acuerdo ni desacuerdo','Sí',53,'Negativo. Empeoran mi vida.',53,'Una herramienta'),
	 (54,54,54,'3 horas - 5 horas','Entretenimiento',54,'No','No','Sí','No','Busco el contenido que me interesa','En desacuerdo','Sí',54,'Indistinto.',54,'Una herramienta'),
	 (55,55,55,'3 horas - 5 horas','Socialización',55,'Sí','Sí','Sí','Sí','Busco el contenido que me interesa','En desacuerdo','Sí',55,'Negativo. Empeoran mi vida.',55,'Una herramienta'),
	 (56,56,56,'1 hora-3 horas','Socialización',56,'No','No','Sí','Sí','Depende de mi estado de ánimo al momento','De acuerdo','Sí',56,'Indistinto.',56,'Una herramienta'),
	 (57,57,57,'3 horas - 5 horas','Entretenimiento',57,'No','No','Sí','Sí','Dejo que las sugerencias me guíen','Ni de acuerdo ni desacuerdo','Sí',57,'Indistinto.',57,'Una herramienta'),
	 (58,58,58,'1 hora-3 horas','Entretenimiento',58,'No','No','Sí','Sí','Depende de mi estado de ánimo al momento','De acuerdo','Sí',58,'Positivo. Mejoran mi vida.',58,'Una herramienta'),
	 (59,59,59,'3 horas - 5 horas','Socialización',59,'Sí','No','Sí','No','Depende de mi estado de ánimo al momento','Ni de acuerdo ni desacuerdo','Sí',59,'Positivo. Mejoran mi vida.',59,'Una herramienta'),
	 (60,60,60,'1 hora-3 horas','Socialización',60,'No','No','Sí','No','Depende de mi estado de ánimo al momento','Ni de acuerdo ni desacuerdo','Sí',60,'Positivo. Mejoran mi vida.',60,'Una herramienta');
INSERT INTO redes_sociales (id_red_social,id_encuestado,id_redes_uso,tiempo_redes,razon_uso,id_contenido_compartido,perfiles_publicos,interaccion_desconocidos,acceso_desconocidos,herramientas_privacidad,servicios_personalizados,contenido_sin_vigilancia,contenido_observado,id_sentimientos_post_uso,impacto_redes_vida,id_uso_stalkeo,comparacion_redes) VALUES
	 (61,61,61,'1 hora-3 horas','Socialización',61,'Sí','No','Sí','No','Busco el contenido que me interesa','En desacuerdo','No',61,'Indistinto.',61,'Un arma'),
	 (62,62,62,'1 hora-3 horas','Entretenimiento',62,'No','No','Sí','Sí','Busco el contenido que me interesa','Ni de acuerdo ni desacuerdo','Sí',62,'Indistinto.',62,'Un arma'),
	 (63,63,63,'1 hora-3 horas','Entretenimiento',63,'Sí','Sí','No','No','Depende de mi estado de ánimo al momento','De acuerdo','No',63,'Positivo. Mejoran mi vida.',63,'Un juguete'),
	 (64,64,64,'3 horas - 5 horas','Entretenimiento',64,'Sí','No','No','No','Busco el contenido que me interesa','En desacuerdo','Sí',64,'Indistinto.',64,'Una herramienta'),
	 (65,65,65,'1 hora-3 horas','Trabajo',65,'Sí','Sí','No','Sí','Depende de mi estado de ánimo al momento','En desacuerdo','Sí',65,'Indistinto.',65,'Una herramienta'),
	 (66,66,66,'3 horas - 5 horas','Trabajo',66,'No','No','Sí','Sí','Depende de mi estado de ánimo al momento','Ni de acuerdo ni desacuerdo','Sí',66,'Negativo. Empeoran mi vida.',66,'Un juguete'),
	 (67,67,67,'5 horas - 7 horas','Entretenimiento',67,'No','No','Sí','Sí','Depende de mi estado de ánimo al momento','De acuerdo','Sí',67,'Indistinto.',67,'Una herramienta'),
	 (68,68,68,'5 horas - 7 horas','Socialización',68,'Sí','No','No','No','Depende de mi estado de ánimo al momento','Ni de acuerdo ni desacuerdo','Sí',68,'Indistinto.',68,'Una herramienta'),
	 (69,69,69,'3 horas - 5 horas','Entretenimiento',69,'No','No','Sí','Sí','Dejo que las sugerencias me guíen','De acuerdo','Sí',69,'Indistinto.',69,'Una herramienta'),
	 (70,70,70,'5 horas - 7 horas','Socialización',70,'No','No','Sí','Sí','Dejo que las sugerencias me guíen','Ni de acuerdo ni desacuerdo','Sí',70,'Indistinto.',70,'Una herramienta');
INSERT INTO redes_sociales (id_red_social,id_encuestado,id_redes_uso,tiempo_redes,razon_uso,id_contenido_compartido,perfiles_publicos,interaccion_desconocidos,acceso_desconocidos,herramientas_privacidad,servicios_personalizados,contenido_sin_vigilancia,contenido_observado,id_sentimientos_post_uso,impacto_redes_vida,id_uso_stalkeo,comparacion_redes) VALUES
	 (71,71,71,'5 horas - 7 horas','Socialización',71,'No','No','Sí','Sí','Dejo que las sugerencias me guíen','De acuerdo','Sí',71,'Positivo. Mejoran mi vida.',71,'Una herramienta'),
	 (72,72,72,'1 hora-3 horas','Entretenimiento',72,'No','No','Sí','Sí','Dejo que las sugerencias me guíen','Ni de acuerdo ni desacuerdo','Sí',72,'Indistinto.',72,'Una herramienta'),
	 (73,73,73,'5 horas - 7 horas','Entretenimiento',73,'No','No','Sí','No','Depende de mi estado de ánimo al momento','De acuerdo','Sí',73,'Positivo. Mejoran mi vida.',73,'Una herramienta'),
	 (74,74,74,'3 horas - 5 horas','Socialización',74,'No','No','Sí','Sí','Busco el contenido que me interesa','En desacuerdo','Sí',74,'Indistinto.',74,'Una herramienta'),
	 (75,75,75,'3 horas - 5 horas','Socialización',75,'Sí','Sí','No','No','Dejo que las sugerencias me guíen','Ni de acuerdo ni desacuerdo','Sí',75,'Indistinto.',75,'Una herramienta'),
	 (76,76,76,'1 hora-3 horas','Entretenimiento',76,'No','No','Sí','Sí','Dejo que las sugerencias me guíen','Ni de acuerdo ni desacuerdo','Sí',76,'Indistinto.',76,'Un juguete'),
	 (77,77,77,'5 horas - 7 horas','Trabajo',77,'Sí','Sí','Sí','Sí','Busco el contenido que me interesa','En desacuerdo','Sí',77,'Indistinto.',77,'Una herramienta'),
	 (78,78,78,'3 horas - 5 horas','Entretenimiento',78,'No','No','Sí','No','Dejo que las sugerencias me guíen','De acuerdo','Sí',78,'Indistinto.',78,'Un juguete'),
	 (79,79,79,'1 hora-3 horas','Entretenimiento',79,'Sí','No','No','Sí','Dejo que las sugerencias me guíen','Ni de acuerdo ni desacuerdo','Sí',79,'Positivo. Mejoran mi vida.',79,'Un juguete'),
	 (80,80,80,'1 hora-3 horas','Entretenimiento',80,'No','No','Sí','Sí','Busco el contenido que me interesa','En desacuerdo','Sí',80,'Positivo. Mejoran mi vida.',80,'Una herramienta');
INSERT INTO redes_sociales (id_red_social,id_encuestado,id_redes_uso,tiempo_redes,razon_uso,id_contenido_compartido,perfiles_publicos,interaccion_desconocidos,acceso_desconocidos,herramientas_privacidad,servicios_personalizados,contenido_sin_vigilancia,contenido_observado,id_sentimientos_post_uso,impacto_redes_vida,id_uso_stalkeo,comparacion_redes) VALUES
	 (81,81,81,'1 hora-3 horas','Socialización',81,'No','No','Sí','Sí','Busco el contenido que me interesa','En desacuerdo','Sí',81,'Indistinto.',81,'Una herramienta'),
	 (82,82,82,'1 hora-3 horas','Entretenimiento',82,'No','Sí','No','Sí','Depende de mi estado de ánimo al momento','De acuerdo','No',82,'Indistinto.',82,'Una herramienta'),
	 (83,83,83,'3 horas - 5 horas','Entretenimiento',83,'No','No','Sí','Sí','Busco el contenido que me interesa','De acuerdo','No',83,'Negativo. Empeoran mi vida.',83,'Un juguete'),
	 (84,84,84,'1 hora-3 horas','Entretenimiento',84,'No','No','No','No','Busco el contenido que me interesa','Ni de acuerdo ni desacuerdo','Sí',84,'Positivo. Mejoran mi vida.',84,'Una herramienta'),
	 (85,85,85,'1 hora-3 horas','Entretenimiento',85,'No','No','Sí','Sí','Depende de mi estado de ánimo al momento','De acuerdo','Sí',85,'Indistinto.',85,'Una herramienta'),
	 (86,86,86,'3 horas - 5 horas','Trabajo',86,'Sí','Sí','No','Sí','Busco el contenido que me interesa','Ni de acuerdo ni desacuerdo','Sí',86,'Indistinto.',86,'Una herramienta'),
	 (87,87,87,'1 hora-3 horas','Socialización',87,'No','No','Sí','Sí','Busco el contenido que me interesa','En desacuerdo','Sí',87,'Indistinto.',87,'Una herramienta'),
	 (88,88,88,'1 hora-3 horas','Entretenimiento',88,'No','No','Sí','Sí','Busco el contenido que me interesa','De acuerdo','Sí',88,'Indistinto.',88,'Una herramienta'),
	 (89,89,89,'Menos de 1 hora','Trabajo',89,'No','No','Sí','Sí','Busco el contenido que me interesa','Ni de acuerdo ni desacuerdo','Sí',89,'Indistinto.',89,'Otro'),
	 (90,90,90,'1 hora-3 horas','Trabajo',90,'Sí','No','No','Sí','Busco el contenido que me interesa','Ni de acuerdo ni desacuerdo','Sí',90,'Indistinto.',90,'Un arma');
INSERT INTO redes_sociales (id_red_social,id_encuestado,id_redes_uso,tiempo_redes,razon_uso,id_contenido_compartido,perfiles_publicos,interaccion_desconocidos,acceso_desconocidos,herramientas_privacidad,servicios_personalizados,contenido_sin_vigilancia,contenido_observado,id_sentimientos_post_uso,impacto_redes_vida,id_uso_stalkeo,comparacion_redes) VALUES
	 (91,91,91,'3 horas - 5 horas','Entretenimiento',91,'No','No','Sí','Sí','Busco el contenido que me interesa','En desacuerdo','Sí',91,'Indistinto.',91,'Una herramienta'),
	 (92,92,92,'3 horas - 5 horas','Entretenimiento',92,'Sí','No','No','No','Depende de mi estado de ánimo al momento','De acuerdo','Sí',92,'Indistinto.',92,'Otro'),
	 (93,93,93,'1 hora-3 horas','Entretenimiento',93,'Sí','No','No','Sí','Busco el contenido que me interesa','Ni de acuerdo ni desacuerdo','Sí',93,'Indistinto.',93,'Una herramienta'),
	 (94,94,94,'Menos de 1 hora','Entretenimiento',94,'Sí','No','Sí','Sí','Dejo que las sugerencias me guíen','Ni de acuerdo ni desacuerdo','Sí',94,'Indistinto.',94,'Una herramienta'),
	 (95,95,95,'1 hora-3 horas','Entretenimiento',95,'No','Sí','Sí','Sí','Dejo que las sugerencias me guíen','De acuerdo','No',95,'Indistinto.',95,'Una herramienta'),
	 (96,96,96,'Menos de 1 hora','Entretenimiento',96,'No','No','Sí','Sí','Depende de mi estado de ánimo al momento','En desacuerdo','Sí',96,'Indistinto.',96,'Una herramienta'),
	 (97,97,97,'1 hora-3 horas','Entretenimiento',97,'Sí','No','Sí','No','Depende de mi estado de ánimo al momento','En desacuerdo','Sí',97,'Indistinto.',97,'Una herramienta'),
	 (98,98,98,'1 hora-3 horas','Entretenimiento',98,'No','No','Sí','Sí','Busco el contenido que me interesa','Ni de acuerdo ni desacuerdo','Sí',98,'Indistinto.',98,'Una herramienta');